PreferenceID,UserID,FavoriteDish,DietaryRestrictions,CategoryID,PreferenceScore
1,1,26.0,,8,7
2,1,13.0,20.0,1,8
3,1,,18.0,16,7
4,2,43.0,22.0,18,8
5,2,45.0,,16,7
6,2,24.0,22.0,13,9
7,2,,22.0,15,10
8,3,,,1,7
9,3,,,1,7
10,3,1.0,,13,9
11,3,43.0,19.0,15,7
12,3,,,1,10
13,3,23.0,18.0,1,9
14,4,46.0,,30,10
15,4,,,12,8
16,4,48.0,19.0,18,7
17,4,10.0,,30,10
18,5,35.0,,6,8
19,5,,22.0,15,10
20,5,30.0,,26,10
21,6,43.0,19.0,18,8
22,6,25.0,,2,7
23,6,,,1,10
24,7,16.0,,27,7
25,7,36.0,,26,8
26,7,47.0,22.0,16,7
27,8,35.0,20.0,6,10
28,8,12.0,,2,10
29,8,,,26,7
30,8,19.0,22.0,8,10
31,9,32.0,,26,9
32,9,,,1,10
33,9,24.0,,13,10
34,9,,21.0,15,8
35,9,,21.0,1,10
36,9,17.0,,31,7
37,10,,19.0,16,8
38,10,,,1,7
39,10,,19.0,1,10
40,11,23.0,19.0,13,7
41,11,34.0,21.0,26,8
42,11,,18.0,15,9
43,12,,21.0,18,7
44,12,34.0,,26,8
45,12,,21.0,13,10
46,13,48.0,,18,7
47,13,18.0,21.0,30,10
48,13,43.0,18.0,18,10
49,13,48.0,,18,10
50,13,,19.0,1,7
51,14,43.0,22.0,1,8
52,14,,,11,8
53,14,32.0,20.0,6,10
54,15,29.0,20.0,13,7
55,15,,20.0,16,7
56,15,,21.0,26,8
57,15,48.0,18.0,18,10
58,15,2.0,21.0,13,9
59,16,,,31,8
60,16,44.0,,27,7
61,16,41.0,,1,9
62,16,,,32,10
63,16,43.0,18.0,15,8
64,17,37.0,,27,7
65,17,,20.0,15,7
66,17,21.0,,1,9
67,18,,18.0,1,10
68,18,7.0,22.0,2,8
69,18,23.0,18.0,1,10
70,18,19.0,22.0,1,8
71,19,35.0,,6,9
72,19,33.0,22.0,6,10
73,19,,21.0,13,9
74,20,4.0,,13,9
75,20,,19.0,13,8
76,20,44.0,,27,8
77,20,34.0,21.0,6,8
78,20,13.0,,1,8
79,20,42.0,,15,9
80,21,29.0,22.0,13,10
81,21,,,26,7
82,21,,,30,7
83,21,50.0,21.0,17,8
84,21,47.0,22.0,1,9
85,22,23.0,19.0,1,9
86,22,48.0,19.0,16,9
87,22,23.0,18.0,13,7
88,23,23.0,,1,8
89,23,43.0,18.0,15,10
90,23,37.0,22.0,3,10
91,24,47.0,,16,8
92,24,38.0,,27,8
93,24,,,11,7
94,25,8.0,,2,7
95,25,12.0,20.0,2,7
96,25,,,2,8
97,25,8.0,,3,9
98,25,9.0,21.0,15,9
99,25,39.0,21.0,27,8
100,26,7.0,,3,9
101,26,26.0,,29,7
102,26,46.0,20.0,1,8
103,27,2.0,,1,9
104,27,32.0,,6,10
105,27,30.0,,26,8
106,27,,,27,10
107,27,,21.0,13,8
108,28,31.0,20.0,5,9
109,28,47.0,,32,8
110,28,50.0,21.0,17,9
111,29,13.0,,12,8
112,29,,,2,8
113,29,48.0,19.0,16,10
114,30,36.0,21.0,26,7
115,30,27.0,22.0,13,10
116,30,18.0,20.0,8,7
117,30,,,31,7
118,30,11.0,,32,9
119,31,,,30,7
120,31,24.0,,1,10
121,31,47.0,,1,8
122,31,8.0,,2,10
123,31,28.0,21.0,5,9
124,32,13.0,21.0,12,7
125,32,,20.0,5,9
126,32,43.0,19.0,1,8
127,33,25.0,21.0,27,9
128,33,,,13,8
129,33,,19.0,15,10
130,33,46.0,,30,9
131,33,,21.0,2,9
132,34,3.0,20.0,1,8
133,34,16.0,,27,9
134,34,48.0,19.0,16,9
135,34,3.0,,13,8
136,34,,18.0,1,7
137,34,42.0,21.0,15,10
138,35,34.0,,26,9
139,35,43.0,19.0,18,9
140,35,13.0,,12,8
141,36,38.0,,11,7
142,36,,20.0,1,7
143,36,17.0,20.0,31,7
144,36,,,1,9
145,37,4.0,,1,9
146,37,35.0,20.0,30,9
147,37,23.0,19.0,13,8
148,37,4.0,,1,8
149,37,9.0,,15,10
150,37,43.0,19.0,1,7
151,38,43.0,20.0,18,8
152,38,27.0,,27,10
153,38,,20.0,31,8
154,38,,18.0,13,9
155,38,,,26,7
156,38,48.0,18.0,16,9
157,39,48.0,19.0,18,9
158,39,4.0,,13,7
159,39,8.0,,3,8
160,39,13.0,,12,8
161,39,6.0,,1,8
162,40,36.0,,6,10
163,40,43.0,19.0,1,9
164,40,,,27,7
165,40,24.0,20.0,13,8
166,40,,19.0,1,10
167,41,43.0,18.0,18,9
168,41,8.0,,3,8
169,41,7.0,,2,9
170,41,43.0,18.0,18,10
171,42,14.0,,1,8
172,42,,,5,9
173,42,,,13,10
174,43,,18.0,1,8
175,43,40.0,,31,10
176,43,28.0,22.0,5,7
177,43,14.0,20.0,12,9
178,43,48.0,19.0,18,8
179,43,,21.0,18,9
180,44,34.0,,26,9
181,44,27.0,20.0,13,7
182,44,8.0,,3,8
183,44,43.0,19.0,18,9
184,44,48.0,19.0,16,9
185,44,,19.0,16,7
186,45,23.0,18.0,13,10
187,45,,19.0,18,8
188,45,,19.0,18,10
189,45,46.0,,1,10
190,46,39.0,20.0,27,7
191,46,,,14,8
192,46,44.0,,15,8
193,46,43.0,18.0,18,10
194,46,,22.0,1,10
195,47,28.0,21.0,5,7
196,47,48.0,19.0,18,8
197,47,17.0,,1,7
198,47,16.0,,12,8
199,47,39.0,20.0,11,9
200,48,,19.0,18,10
201,48,35.0,21.0,6,7
202,48,23.0,,13,10
203,48,18.0,,1,8
204,48,40.0,,31,9
205,48,,,1,7
206,49,3.0,,1,8
207,49,30.0,20.0,30,8
208,49,19.0,,8,10
209,49,,,26,9
210,49,,,1,9
211,49,,,1,9
212,50,23.0,,13,9
213,50,,,13,9
214,50,30.0,,30,8
215,50,13.0,,1,7
216,50,5.0,,1,9
217,50,,,18,7
218,51,,21.0,13,10
219,51,23.0,19.0,1,9
220,51,23.0,19.0,13,9
221,51,,,1,10
222,51,23.0,19.0,18,8
223,52,,22.0,2,9
224,52,43.0,19.0,15,9
225,52,28.0,,5,8
226,53,43.0,18.0,18,10
227,53,15.0,,12,10
228,53,50.0,,17,10
229,53,36.0,,6,9
230,53,48.0,19.0,18,8
231,54,,,2,9
232,54,,18.0,18,7
233,54,,18.0,18,7
234,55,37.0,,27,9
235,55,37.0,,27,7
236,55,43.0,19.0,15,10
237,55,38.0,,11,10
238,55,,19.0,15,10
239,56,6.0,,14,9
240,56,43.0,19.0,15,8
241,56,23.0,19.0,1,10
242,56,20.0,,30,7
243,57,34.0,21.0,26,10
244,57,,,2,8
245,57,30.0,22.0,26,8
246,57,,19.0,18,7
247,57,23.0,18.0,13,9
248,58,,,12,10
249,58,25.0,,13,9
250,58,8.0,,2,9
251,59,33.0,,30,8
252,59,,,32,8
253,59,28.0,20.0,26,10
254,59,8.0,22.0,2,10
255,60,22.0,,1,8
256,60,15.0,,29,8
257,60,,,8,7
258,60,23.0,19.0,13,9
259,60,13.0,,12,8
260,60,29.0,22.0,5,7
261,61,36.0,,6,8
262,61,1.0,,13,10
263,61,9.0,,4,7
264,61,2.0,,13,10
265,62,25.0,,2,9
266,62,,22.0,8,10
267,62,17.0,20.0,8,9
268,63,34.0,20.0,6,9
269,63,50.0,,17,10
270,63,49.0,,1,7
271,63,33.0,22.0,6,9
272,64,43.0,18.0,15,10
273,64,47.0,,1,7
274,64,48.0,,18,9
275,64,47.0,,32,7
276,65,22.0,,13,9
277,65,44.0,22.0,15,9
278,65,,,16,9
279,65,32.0,,26,7
280,66,30.0,22.0,30,7
281,66,49.0,,1,7
282,66,,,2,7
283,66,4.0,21.0,1,8
284,66,7.0,,2,10
285,67,,20.0,32,9
286,67,49.0,21.0,17,9
287,67,43.0,18.0,15,10
288,67,48.0,19.0,16,8
289,67,10.0,,4,8
290,68,,19.0,1,10
291,68,31.0,22.0,5,8
292,68,27.0,22.0,13,10
293,68,4.0,22.0,13,7
294,68,18.0,,30,8
295,69,,,16,10
296,69,24.0,,13,7
297,69,,18.0,18,9
298,70,43.0,22.0,18,8
299,70,23.0,19.0,18,10
300,70,11.0,22.0,2,8
301,70,47.0,,16,7
302,70,48.0,19.0,18,9
303,71,,,30,8
304,71,,18.0,16,9
305,71,45.0,,32,9
306,71,2.0,20.0,13,10
307,71,,,1,9
308,72,,,30,10
309,72,,21.0,15,8
310,72,,18.0,1,9
311,73,50.0,,17,10
312,73,,18.0,1,8
313,73,43.0,20.0,15,8
314,73,,,5,10
315,73,43.0,19.0,18,7
316,73,,,8,10
317,74,1.0,,1,10
318,74,26.0,20.0,2,9
319,74,26.0,,8,8
320,74,34.0,,26,10
321,75,48.0,19.0,18,9
322,75,,,2,8
323,75,23.0,18.0,1,10
324,75,,,26,8
325,76,16.0,,27,10
326,76,,,29,9
327,76,13.0,22.0,12,8
328,76,,22.0,1,10
329,77,,,18,7
330,77,23.0,18.0,18,8
331,77,2.0,20.0,13,10
332,78,,20.0,6,9
333,78,,,18,8
334,78,37.0,21.0,27,9
335,78,49.0,,17,7
336,79,41.0,22.0,15,10
337,79,,21.0,6,10
338,79,23.0,18.0,18,10
339,79,27.0,,13,7
340,79,23.0,19.0,1,7
341,80,25.0,,13,7
342,80,,18.0,1,8
343,80,28.0,,26,7
344,80,48.0,19.0,16,8
345,81,21.0,,12,8
346,81,48.0,19.0,16,8
347,81,23.0,19.0,1,8
348,82,39.0,,27,10
349,82,,18.0,1,8
350,82,18.0,,8,7
351,82,23.0,19.0,18,7
352,82,,22.0,6,7
353,82,,,2,8
354,83,42.0,,1,9
355,83,32.0,,26,7
356,83,1.0,,13,9
357,83,36.0,21.0,6,8
358,84,33.0,,6,9
359,84,,,2,7
360,84,,,16,9
361,84,3.0,21.0,13,10
362,84,48.0,19.0,16,9
363,85,23.0,18.0,18,10
364,85,17.0,,8,7
365,85,48.0,19.0,18,8
366,85,,,15,9
367,85,3.0,,1,10
368,86,24.0,,1,8
369,86,33.0,,6,7
370,86,5.0,21.0,14,9
371,86,48.0,19.0,18,10
372,86,7.0,20.0,3,10
373,87,48.0,18.0,16,9
374,87,,,31,7
375,87,,18.0,13,10
376,88,26.0,21.0,2,9
377,88,48.0,18.0,18,7
378,88,,18.0,18,7
379,88,48.0,18.0,18,9
380,89,,,16,8
381,89,,20.0,27,7
382,89,,19.0,15,7
383,89,,,1,10
384,89,,20.0,32,10
385,90,,,6,7
386,90,,,15,10
387,90,23.0,18.0,13,9
388,90,5.0,,1,10
389,90,31.0,,5,7
390,90,48.0,19.0,18,8
391,91,33.0,,30,10
392,91,23.0,19.0,13,10
393,91,48.0,19.0,16,10
394,92,14.0,22.0,12,7
395,92,27.0,22.0,2,7
396,92,,,5,8
397,92,39.0,,27,9
398,93,7.0,,2,8
399,93,,,14,7
400,93,23.0,22.0,18,8
401,93,44.0,,27,8
402,93,48.0,19.0,18,10
403,93,44.0,,15,9
404,94,8.0,22.0,3,9
405,94,10.0,,4,7
406,94,42.0,21.0,15,7
407,95,47.0,,16,9
408,95,22.0,,1,7
409,95,,,4,7
410,96,48.0,19.0,18,9
411,96,49.0,21.0,17,8
412,96,13.0,,1,8
413,96,11.0,,2,7
414,96,38.0,,11,8
415,96,31.0,20.0,5,10
416,97,,,26,7
417,97,50.0,,17,10
418,97,4.0,,13,7
419,97,15.0,21.0,12,8
420,97,45.0,,16,8
421,97,,,1,10
422,98,,22.0,1,7
423,98,,21.0,4,10
424,98,,20.0,2,8
425,98,12.0,22.0,2,7
426,98,8.0,,3,10
427,98,40.0,20.0,31,9
428,99,23.0,19.0,18,8
429,99,26.0,22.0,29,10
430,99,41.0,20.0,1,10
431,99,,20.0,1,8
432,99,9.0,,15,10
433,99,46.0,,30,8
434,100,40.0,,31,10
435,100,,,16,8
436,100,3.0,,1,7
437,100,6.0,,14,7
438,100,12.0,,29,8
439,100,50.0,,17,10
440,101,14.0,21.0,1,8
441,101,48.0,18.0,18,7
442,101,47.0,,1,7
443,101,48.0,19.0,18,7
444,101,,,1,8
445,102,3.0,,1,7
446,102,43.0,19.0,1,8
447,102,,,30,10
448,102,33.0,,6,8
449,102,35.0,21.0,30,10
450,103,15.0,22.0,29,7
451,103,,21.0,12,10
452,103,26.0,21.0,29,10
453,103,,,26,7
454,103,23.0,18.0,13,7
455,104,16.0,22.0,12,10
456,104,13.0,22.0,1,9
457,104,23.0,18.0,1,10
458,104,21.0,20.0,12,7
459,105,22.0,21.0,1,10
460,105,18.0,,30,10
461,105,,,30,8
462,106,48.0,18.0,16,7
463,106,13.0,,12,7
464,106,,,1,8
465,106,,,3,7
466,107,49.0,,17,8
467,107,39.0,,11,8
468,107,6.0,,1,7
469,107,43.0,19.0,1,8
470,107,48.0,18.0,16,10
471,107,6.0,20.0,1,9
472,108,47.0,,32,10
473,108,,22.0,1,9
474,108,40.0,21.0,11,9
475,108,46.0,,1,10
476,109,50.0,,32,7
477,109,10.0,,30,9
478,109,,19.0,16,10
479,109,,,27,7
480,110,,,1,10
481,110,17.0,,8,7
482,110,38.0,,11,10
483,110,49.0,20.0,17,8
484,110,49.0,,1,10
485,110,,22.0,16,8
486,111,23.0,18.0,13,7
487,111,,,27,9
488,111,12.0,,29,9
489,111,43.0,19.0,15,7
490,111,,,1,7
491,112,23.0,19.0,13,8
492,112,43.0,,15,8
493,112,,19.0,1,10
494,112,,,32,10
495,112,44.0,,27,8
496,112,,22.0,26,9
497,113,9.0,22.0,4,8
498,113,10.0,,30,9
499,113,47.0,,32,10
500,113,50.0,,32,7
501,113,36.0,21.0,6,7
502,113,42.0,,1,8
503,114,47.0,,1,9
504,114,36.0,,26,10
505,114,,20.0,11,10
506,114,5.0,,14,10
507,114,47.0,20.0,32,7
508,114,17.0,20.0,1,9
509,115,28.0,21.0,5,9
510,115,48.0,18.0,18,9
511,115,32.0,,26,9
512,116,14.0,22.0,12,10
513,116,,18.0,15,9
514,116,41.0,,31,7
515,116,,,13,7
516,117,31.0,21.0,26,10
517,117,,21.0,11,8
518,117,41.0,22.0,31,8
519,117,1.0,20.0,13,10
520,117,49.0,21.0,1,8
521,118,23.0,19.0,18,9
522,118,44.0,,1,10
523,118,1.0,,13,7
524,119,11.0,22.0,32,9
525,119,49.0,,17,8
526,119,35.0,,6,10
527,119,36.0,,6,10
528,119,,20.0,1,8
529,119,,,17,9
530,120,3.0,,1,9
531,120,41.0,,31,9
532,120,5.0,22.0,14,7
533,120,29.0,,13,10
534,120,,22.0,5,8
535,121,17.0,,8,10
536,121,,21.0,2,7
537,121,43.0,18.0,1,10
538,121,,20.0,15,7
539,121,4.0,,1,9
540,122,6.0,,1,7
541,122,35.0,20.0,30,8
542,122,,,1,9
543,122,,,26,7
544,123,37.0,,27,9
545,123,,,30,9
546,123,12.0,20.0,2,9
547,124,20.0,,30,10
548,124,22.0,20.0,13,7
549,124,46.0,,1,8
550,124,10.0,21.0,30,9
551,125,,18.0,18,7
552,125,21.0,,12,8
553,125,33.0,,30,9
554,125,28.0,,5,8
555,126,11.0,,32,8
556,126,,,29,10
557,126,,21.0,13,8
558,127,,18.0,1,7
559,127,48.0,18.0,18,10
560,127,,18.0,13,9
561,127,,,12,8
562,128,9.0,,4,9
563,128,35.0,20.0,30,9
564,128,5.0,,1,10
565,128,34.0,,26,7
566,128,1.0,,13,7
567,128,,,1,10
568,129,43.0,19.0,15,10
569,129,,21.0,31,9
570,129,,,3,9
571,129,36.0,,26,10
572,129,48.0,18.0,18,8
573,130,,,26,8
574,130,43.0,,1,10
575,130,48.0,,18,9
576,130,26.0,,2,7
577,131,23.0,18.0,18,10
578,131,,19.0,1,8
579,131,,,18,9
580,131,43.0,19.0,18,9
581,131,41.0,,15,9
582,131,,,6,8
583,132,23.0,18.0,13,10
584,132,45.0,20.0,32,7
585,132,40.0,21.0,11,7
586,133,49.0,20.0,1,10
587,133,26.0,,8,8
588,133,30.0,22.0,26,9
589,133,22.0,,1,10
590,133,40.0,20.0,31,9
591,134,,22.0,14,8
592,134,37.0,21.0,27,7
593,134,,,26,8
594,135,,19.0,15,8
595,135,48.0,18.0,18,8
596,135,36.0,20.0,6,9
597,135,,,14,7
598,136,32.0,,26,8
599,136,24.0,,13,9
600,136,28.0,,5,8
601,137,,20.0,16,9
602,137,38.0,,27,10
603,137,,,17,9
604,137,50.0,,17,9
605,137,5.0,21.0,1,10
606,138,36.0,,6,7
607,138,4.0,,13,9
608,138,,22.0,4,7
609,138,,,1,9
610,139,10.0,22.0,4,7
611,139,43.0,,15,9
612,139,23.0,18.0,13,8
613,139,45.0,,16,9
614,139,43.0,,18,9
615,140,14.0,22.0,12,7
616,140,,,1,7
617,140,14.0,20.0,1,9
618,140,,20.0,6,8
619,140,,18.0,18,8
620,140,41.0,,1,8
621,141,48.0,18.0,18,7
622,141,44.0,,27,9
623,141,,22.0,16,7
624,141,,18.0,18,7
625,141,,19.0,13,9
626,141,49.0,22.0,1,7
627,142,39.0,,27,8
628,142,35.0,,30,10
629,142,8.0,21.0,2,10
630,142,8.0,,2,7
631,142,3.0,,13,9
632,142,24.0,,1,7
633,143,,,31,8
634,143,2.0,,13,7
635,143,33.0,,6,7
636,143,,19.0,18,10
637,144,43.0,18.0,1,8
638,144,48.0,18.0,16,9
639,144,,20.0,4,9
640,144,21.0,,1,10
641,145,18.0,,1,10
642,145,,,1,9
643,145,8.0,,2,10
644,146,27.0,,2,10
645,146,16.0,22.0,12,10
646,146,,22.0,6,9
647,146,31.0,,5,10
648,146,48.0,19.0,16,9
649,147,,,18,10
650,147,47.0,,1,7
651,147,8.0,,3,8
652,147,21.0,20.0,12,9
653,147,48.0,18.0,18,9
654,147,27.0,22.0,13,10
655,148,26.0,,2,10
656,148,32.0,,6,8
657,148,43.0,19.0,1,10
658,148,23.0,19.0,1,8
659,149,,,4,9
660,149,41.0,,31,7
661,149,24.0,,1,8
662,150,43.0,18.0,15,8
663,150,23.0,,1,8
664,150,12.0,22.0,2,7
665,150,,18.0,13,8
666,151,,20.0,27,7
667,151,,20.0,5,8
668,151,6.0,,14,7
669,152,,22.0,26,10
670,152,,,8,8
671,152,13.0,,1,8
672,152,35.0,,30,9
673,153,,,32,8
674,153,47.0,,16,7
675,153,19.0,,1,7
676,153,26.0,,2,7
677,153,48.0,19.0,18,7
678,154,2.0,22.0,13,8
679,154,44.0,20.0,27,9
680,154,41.0,,1,8
681,154,48.0,18.0,16,10
682,155,7.0,,3,8
683,155,46.0,20.0,30,7
684,155,19.0,,29,7
685,155,9.0,,15,8
686,155,,21.0,14,10
687,156,23.0,18.0,13,9
688,156,38.0,,11,7
689,156,10.0,,30,8
690,156,30.0,22.0,26,9
691,156,27.0,22.0,27,10
692,157,,21.0,32,7
693,157,40.0,,11,9
694,157,19.0,,1,9
695,157,48.0,19.0,18,8
696,158,,20.0,13,7
697,158,,,26,10
698,158,,,2,7
699,158,27.0,22.0,13,9
700,158,23.0,19.0,18,9
701,159,,19.0,13,8
702,159,28.0,,26,7
703,159,8.0,20.0,3,8
704,159,49.0,21.0,1,9
705,160,23.0,19.0,1,10
706,160,19.0,20.0,29,10
707,160,30.0,,5,9
708,161,34.0,,6,7
709,161,2.0,,1,9
710,161,27.0,,2,9
711,161,,,6,8
712,161,,,29,7
713,161,21.0,,12,8
714,162,,,1,9
715,162,23.0,,1,9
716,162,10.0,20.0,4,10
717,162,,,11,7
718,163,2.0,,1,8
719,163,23.0,19.0,18,9
720,163,,,13,10
721,163,43.0,18.0,1,8
722,164,1.0,,1,8
723,164,15.0,,2,9
724,164,5.0,,1,9
725,164,29.0,22.0,13,9
726,164,,22.0,12,8
727,165,,21.0,1,8
728,165,16.0,20.0,12,8
729,165,11.0,20.0,32,8
730,165,,,16,9
731,166,,,15,8
732,166,47.0,21.0,16,9
733,166,23.0,19.0,1,9
734,167,43.0,19.0,1,8
735,167,,,2,9
736,167,38.0,,11,10
737,167,,21.0,27,9
738,167,50.0,,32,7
739,167,25.0,,27,9
740,168,10.0,,4,8
741,168,10.0,,30,7
742,168,,19.0,15,8
743,169,,,4,10
744,169,,,6,8
745,169,15.0,20.0,2,10
746,170,28.0,,26,9
747,170,,20.0,6,8
748,170,,,27,9
749,170,27.0,,2,9
750,171,23.0,18.0,13,7
751,171,,,27,8
752,171,23.0,18.0,18,8
753,171,48.0,18.0,18,9
754,171,48.0,18.0,18,9
755,171,20.0,,4,9
756,172,24.0,21.0,1,7
757,172,17.0,,8,7
758,172,,,5,8
759,172,43.0,19.0,1,8
760,172,23.0,19.0,1,9
761,172,,,26,8
762,173,2.0,21.0,1,7
763,173,36.0,,26,8
764,173,48.0,18.0,16,10
765,173,4.0,21.0,13,8
766,173,7.0,,2,10
767,174,43.0,,1,10
768,174,48.0,18.0,18,9
769,174,7.0,20.0,3,9
770,174,41.0,,1,10
771,174,37.0,,27,8
772,175,,,2,8
773,175,,19.0,15,8
774,175,27.0,,27,7
775,175,48.0,18.0,18,9
776,176,,,3,10
777,176,26.0,,8,9
778,176,37.0,,27,8
779,176,32.0,,6,7
780,177,32.0,,6,9
781,177,47.0,22.0,1,10
782,177,40.0,,11,9
783,178,,18.0,18,10
784,178,7.0,,3,9
785,178,41.0,,15,8
786,179,19.0,20.0,29,8
787,179,37.0,,27,9
788,179,,,8,8
789,180,8.0,21.0,2,10
790,180,,21.0,1,8
791,180,9.0,,4,9
792,181,35.0,,30,8
793,181,23.0,18.0,13,8
794,181,42.0,,1,7
795,181,,,1,9
796,181,43.0,18.0,1,7
797,181,24.0,22.0,13,9
798,182,50.0,,17,10
799,182,,,1,7
800,182,40.0,20.0,11,8
801,182,1.0,22.0,1,7
802,183,,,1,8
803,183,48.0,21.0,16,10
804,183,41.0,20.0,1,9
805,184,48.0,18.0,18,7
806,184,49.0,21.0,1,8
807,184,32.0,21.0,6,7
808,184,,18.0,18,10
809,184,23.0,19.0,13,8
810,184,35.0,22.0,6,8
811,185,39.0,,11,9
812,185,10.0,,4,9
813,185,12.0,,2,9
814,185,17.0,,31,9
815,185,48.0,21.0,18,9
816,186,36.0,21.0,6,7
817,186,,22.0,12,7
818,186,,,6,10
819,186,,,18,8
820,186,3.0,20.0,13,10
821,187,,21.0,32,9
822,187,39.0,,27,7
823,187,48.0,18.0,16,9
824,187,,19.0,18,10
825,187,10.0,,30,9
826,188,25.0,21.0,2,9
827,188,49.0,,17,10
828,188,44.0,,1,9
829,188,11.0,20.0,32,8
830,188,10.0,,4,7
831,188,23.0,18.0,18,10
832,189,,,11,8
833,189,46.0,,16,7
834,189,,,30,10
835,189,,20.0,6,8
836,189,,21.0,17,8
837,190,,,5,7
838,190,48.0,20.0,16,9
839,190,21.0,,1,10
840,190,43.0,,1,7
841,190,48.0,18.0,18,7
842,190,,21.0,13,10
843,191,,,13,8
844,191,3.0,21.0,13,7
845,191,,,1,7
846,191,13.0,,12,9
847,191,41.0,22.0,15,9
848,191,5.0,,14,9
849,192,1.0,,1,9
850,192,15.0,,12,10
851,192,44.0,,27,8
852,192,,20.0,13,8
853,193,,18.0,18,10
854,193,48.0,20.0,18,8
855,193,17.0,22.0,1,9
856,193,34.0,22.0,6,7
857,193,48.0,18.0,18,8
858,194,3.0,,1,9
859,194,25.0,20.0,2,8
860,194,,20.0,15,8
861,195,43.0,19.0,15,9
862,195,11.0,20.0,32,7
863,195,17.0,22.0,1,9
864,196,,22.0,12,8
865,196,,,1,9
866,196,26.0,20.0,8,7
867,196,47.0,20.0,32,9
868,197,3.0,22.0,13,10
869,197,46.0,,30,8
870,197,46.0,,1,7
871,197,41.0,,1,9
872,197,,,1,9
873,198,,,5,8
874,198,14.0,20.0,12,10
875,198,48.0,18.0,16,7
876,198,43.0,18.0,15,8
877,199,10.0,22.0,4,10
878,199,,20.0,3,9
879,199,,,11,7
880,199,43.0,18.0,15,10
881,199,,18.0,18,8
882,199,,20.0,12,9
883,200,41.0,21.0,15,7
884,200,26.0,22.0,2,8
885,200,32.0,20.0,26,9
886,201,47.0,,1,8
887,201,5.0,21.0,1,10
888,201,37.0,,3,7
889,201,,,30,7
890,202,47.0,,16,8
891,202,48.0,19.0,16,8
892,202,,,11,7
893,203,18.0,,1,7
894,203,39.0,,11,9
895,203,40.0,,11,9
896,203,23.0,19.0,18,7
897,203,,21.0,1,8
898,204,22.0,20.0,1,7
899,204,48.0,18.0,18,8
900,204,,,31,10
901,204,10.0,20.0,4,8
902,204,43.0,18.0,15,7
903,205,2.0,20.0,13,8
904,205,43.0,19.0,1,9
905,205,35.0,,6,7
906,205,15.0,,12,10
907,205,,,2,8
908,205,4.0,22.0,1,10
909,206,40.0,,31,10
910,206,35.0,,30,7
911,206,33.0,,6,8
912,207,,,13,7
913,207,36.0,21.0,26,10
914,207,29.0,,5,8
915,207,8.0,20.0,3,8
916,207,44.0,22.0,15,7
917,207,,20.0,27,7
918,208,12.0,22.0,29,8
919,208,23.0,18.0,18,8
920,208,,,2,10
921,209,36.0,20.0,26,7
922,209,2.0,,13,9
923,209,,,27,8
924,209,34.0,,26,10
925,209,43.0,19.0,15,8
926,209,,,11,8
927,210,,,12,9
928,210,,,12,9
929,210,22.0,21.0,13,9
930,210,43.0,18.0,15,9
931,210,18.0,,30,8
932,210,,22.0,4,7
933,211,50.0,,17,8
934,211,47.0,,32,8
935,211,23.0,18.0,1,10
936,211,17.0,,8,9
937,211,28.0,,26,7
938,211,23.0,18.0,13,10
939,212,,20.0,8,7
940,212,1.0,,1,7
941,212,,,16,8
942,213,,,2,8
943,213,,21.0,3,9
944,213,,,26,9
945,214,13.0,,1,8
946,214,,,8,8
947,214,,22.0,11,8
948,215,45.0,,32,7
949,215,,22.0,11,7
950,215,,,1,10
951,215,24.0,,13,9
952,216,28.0,20.0,5,7
953,216,,19.0,18,10
954,216,,18.0,16,9
955,216,43.0,19.0,15,9
956,216,16.0,20.0,1,9
957,217,12.0,,2,8
958,217,8.0,22.0,3,9
959,217,23.0,19.0,13,10
960,218,8.0,22.0,3,8
961,218,24.0,,13,10
962,218,,22.0,32,7
963,218,9.0,21.0,4,9
964,219,,18.0,1,10
965,219,29.0,20.0,5,9
966,219,,18.0,18,8
967,219,19.0,20.0,29,8
968,220,35.0,,6,7
969,220,6.0,,14,7
970,220,8.0,,3,8
971,220,,,26,8
972,220,7.0,21.0,2,7
973,220,,21.0,29,10
974,221,12.0,22.0,29,9
975,221,43.0,19.0,15,9
976,221,17.0,,31,10
977,221,7.0,20.0,3,10
978,221,,19.0,1,8
979,222,23.0,19.0,13,8
980,222,43.0,18.0,15,8
981,222,,22.0,15,8
982,222,43.0,,15,8
983,222,8.0,,2,8
984,223,7.0,,2,7
985,223,42.0,20.0,1,7
986,223,,20.0,4,9
987,223,44.0,21.0,1,9
988,223,,,27,9
989,224,29.0,,5,9
990,224,36.0,,26,9
991,224,,21.0,13,8
992,224,21.0,,12,9
993,224,39.0,,27,10
994,225,1.0,,1,7
995,225,23.0,,1,9
996,225,48.0,19.0,18,8
997,225,41.0,,31,7
998,226,23.0,19.0,13,7
999,226,,20.0,30,10
1000,226,46.0,,1,9
1001,226,48.0,18.0,16,9
1002,226,24.0,,1,9
1003,226,18.0,21.0,30,7
1004,227,36.0,,6,7
1005,227,48.0,18.0,16,9
1006,227,30.0,,5,8
1007,227,,,12,10
1008,227,33.0,22.0,30,9
1009,228,,,29,7
1010,228,,,13,8
1011,228,23.0,18.0,13,7
1012,229,,,29,10
1013,229,49.0,21.0,17,8
1014,229,5.0,22.0,14,9
1015,229,,22.0,1,10
1016,230,23.0,22.0,13,9
1017,230,3.0,,13,10
1018,230,4.0,,1,10
1019,230,20.0,,4,9
1020,231,,19.0,18,7
1021,231,10.0,,30,10
1022,231,33.0,,6,7
1023,231,37.0,20.0,27,7
1024,231,,,32,7
1025,232,32.0,,6,9
1026,232,38.0,,11,10
1027,232,24.0,,13,7
1028,232,37.0,,3,8
1029,232,23.0,19.0,13,10
1030,232,,18.0,1,8
1031,233,,21.0,16,10
1032,233,,,8,8
1033,233,,22.0,26,8
1034,233,24.0,,1,9
1035,234,31.0,,5,10
1036,234,,19.0,16,10
1037,234,47.0,,16,7
1038,235,26.0,20.0,29,7
1039,235,12.0,,29,7
1040,235,,,13,10
1041,235,30.0,,26,7
1042,235,,,12,9
1043,235,29.0,,5,7
1044,236,24.0,,1,8
1045,236,48.0,19.0,16,10
1046,236,,,30,7
1047,237,23.0,19.0,1,7
1048,237,23.0,18.0,18,8
1049,237,9.0,,4,7
1050,237,,18.0,15,8
1051,238,10.0,22.0,4,9
1052,238,,,29,9
1053,238,25.0,,2,8
1054,238,,20.0,6,10
1055,238,23.0,18.0,13,10
1056,239,3.0,,13,10
1057,239,30.0,,26,7
1058,239,,,13,9
1059,239,23.0,18.0,18,9
1060,239,16.0,20.0,27,9
1061,239,,,12,7
1062,240,18.0,,1,9
1063,240,1.0,,1,8
1064,240,50.0,,32,10
1065,240,35.0,,30,7
1066,240,29.0,,26,8
1067,241,6.0,,1,10
1068,241,49.0,22.0,1,8
1069,241,17.0,20.0,1,10
1070,241,17.0,22.0,1,7
1071,241,15.0,,12,10
1072,241,,22.0,1,9
1073,242,,20.0,1,10
1074,242,,,26,10
1075,242,,,31,8
1076,242,,,5,10
1077,243,14.0,21.0,1,8
1078,243,48.0,,18,9
1079,243,21.0,,1,10
1080,244,21.0,21.0,1,7
1081,244,3.0,,13,8
1082,244,23.0,19.0,1,8
1083,244,,21.0,1,9
1084,244,43.0,19.0,1,10
1085,245,43.0,18.0,18,7
1086,245,1.0,20.0,1,7
1087,245,19.0,21.0,8,7
1088,245,,,32,9
1089,245,31.0,,5,9
1090,245,12.0,,2,9
1091,246,12.0,20.0,29,10
1092,246,23.0,19.0,1,8
1093,246,28.0,21.0,5,9
1094,246,,,1,7
1095,246,19.0,,1,10
1096,247,48.0,18.0,16,10
1097,247,48.0,18.0,16,8
1098,247,,,12,8
1099,247,,,1,9
1100,248,,,8,8
1101,248,,21.0,16,8
1102,248,4.0,22.0,13,8
1103,248,48.0,19.0,18,8
1104,248,1.0,,1,9
1105,248,,,27,7
1106,249,,21.0,13,8
1107,249,1.0,,13,9
1108,249,48.0,19.0,18,9
1109,250,,,16,10
1110,250,,22.0,5,7
1111,250,,,11,10
1112,251,24.0,22.0,1,9
1113,251,43.0,18.0,1,7
1114,251,26.0,,2,8
1115,251,23.0,18.0,18,8
1116,251,48.0,19.0,18,9
1117,251,21.0,,12,8
1118,252,23.0,19.0,1,8
1119,252,15.0,,12,7
1120,252,,,26,10
1121,252,21.0,,1,10
1122,252,31.0,22.0,26,9
1123,252,46.0,21.0,30,9
1124,253,43.0,19.0,1,7
1125,253,32.0,,26,8
1126,253,,21.0,18,9
1127,253,43.0,19.0,15,10
1128,254,21.0,,12,8
1129,254,32.0,,6,8
1130,254,3.0,,13,9
1131,254,36.0,,26,8
1132,254,,22.0,31,7
1133,255,,22.0,16,7
1134,255,,18.0,1,8
1135,255,,,27,9
1136,255,48.0,19.0,16,8
1137,256,,,27,7
1138,256,48.0,18.0,18,10
1139,256,48.0,19.0,16,10
1140,256,43.0,18.0,1,9
1141,256,,19.0,13,8
1142,256,31.0,,5,8
1143,257,8.0,22.0,3,8
1144,257,21.0,21.0,12,10
1145,257,23.0,19.0,1,9
1146,257,,,5,8
1147,257,35.0,22.0,30,9
1148,258,,18.0,18,7
1149,258,43.0,19.0,18,8
1150,258,,21.0,30,10
1151,259,,18.0,18,10
1152,259,22.0,20.0,13,9
1153,259,49.0,,17,7
1154,260,15.0,,29,8
1155,260,,,2,9
1156,260,43.0,18.0,1,10
1157,261,22.0,,1,7
1158,261,,,3,10
1159,261,23.0,18.0,18,9
1160,261,,22.0,27,8
1161,261,12.0,,2,9
1162,262,23.0,19.0,18,7
1163,262,16.0,,27,8
1164,262,35.0,22.0,30,10
1165,262,43.0,,15,9
1166,262,8.0,,2,8
1167,263,,,30,9
1168,263,,,6,7
1169,263,10.0,,30,10
1170,263,42.0,,15,9
1171,263,15.0,20.0,2,7
1172,264,43.0,18.0,1,7
1173,264,23.0,18.0,1,7
1174,264,6.0,,1,8
1175,265,30.0,,30,7
1176,265,46.0,,16,7
1177,265,,20.0,26,7
1178,265,1.0,,1,8
1179,266,,,30,7
1180,266,43.0,19.0,15,10
1181,266,29.0,,26,10
1182,266,29.0,,5,7
1183,266,,,17,9
1184,267,18.0,,30,9
1185,267,16.0,,27,9
1186,267,6.0,22.0,1,9
1187,267,,22.0,32,8
1188,267,39.0,22.0,11,10
1189,268,,21.0,13,9
1190,268,23.0,19.0,13,8
1191,268,33.0,20.0,30,9
1192,268,16.0,,27,9
1193,268,6.0,20.0,14,10
1194,269,,,27,7
1195,269,,,4,8
1196,269,21.0,20.0,1,7
1197,269,48.0,19.0,16,9
1198,269,6.0,22.0,14,7
1199,269,43.0,19.0,1,7
1200,270,,,1,8
1201,270,23.0,19.0,1,10
1202,270,33.0,,6,9
1203,270,,21.0,1,10
1204,270,28.0,22.0,26,8
1205,271,43.0,18.0,1,8
1206,271,50.0,21.0,17,7
1207,271,,,6,7
1208,271,34.0,,6,7
1209,271,26.0,,2,10
1210,271,8.0,,2,10
1211,272,,20.0,6,7
1212,272,,,13,8
1213,272,38.0,20.0,11,9
1214,272,42.0,,1,10
1215,272,38.0,,11,8
1216,273,,,1,8
1217,273,,18.0,18,10
1218,273,30.0,20.0,30,8
1219,274,41.0,,15,10
1220,274,19.0,20.0,1,9
1221,274,26.0,,2,10
1222,274,43.0,18.0,1,8
1223,274,15.0,,2,10
1224,275,1.0,,13,7
1225,275,6.0,,14,7
1226,275,2.0,,13,10
1227,276,23.0,19.0,13,8
1228,276,,,13,9
1229,276,12.0,,29,8
1230,276,31.0,,26,9
1231,276,,,1,9
1232,276,26.0,,8,8
1233,277,34.0,,26,9
1234,277,43.0,18.0,15,10
1235,277,11.0,,32,9
1236,277,5.0,21.0,14,9
1237,277,,20.0,6,9
1238,277,7.0,,3,7
1239,278,30.0,20.0,30,8
1240,278,,,31,8
1241,278,40.0,,11,8
1242,279,,20.0,1,10
1243,279,,19.0,18,9
1244,279,23.0,19.0,18,10
1245,280,,20.0,13,10
1246,280,36.0,22.0,26,10
1247,280,,,26,9
1248,280,,19.0,18,7
1249,281,5.0,,14,7
1250,281,23.0,18.0,13,10
1251,281,43.0,18.0,18,7
1252,281,4.0,,13,8
1253,281,37.0,20.0,3,8
1254,282,49.0,22.0,17,9
1255,282,23.0,19.0,13,8
1256,282,42.0,,1,7
1257,283,23.0,19.0,18,9
1258,283,20.0,,8,10
1259,283,26.0,,2,9
1260,283,29.0,20.0,13,8
1261,283,11.0,,32,10
1262,283,,21.0,14,8
1263,284,,,1,7
1264,284,17.0,,1,9
1265,284,29.0,,13,8
1266,285,,,29,9
1267,285,15.0,,12,9
1268,285,,,30,9
1269,285,26.0,,29,7
1270,285,34.0,20.0,6,7
1271,285,,,31,9
1272,286,,,1,9
1273,286,23.0,18.0,13,9
1274,286,,21.0,1,8
1275,286,47.0,22.0,1,10
1276,286,43.0,18.0,15,7
1277,286,44.0,20.0,27,7
1278,287,,20.0,11,10
1279,287,,,2,9
1280,287,29.0,,5,7
1281,287,43.0,19.0,15,9
1282,287,21.0,,12,10
1283,288,41.0,21.0,31,10
1284,288,48.0,,16,8
1285,288,,19.0,1,8
1286,288,47.0,,32,8
1287,289,,19.0,15,7
1288,289,32.0,20.0,26,9
1289,289,,,1,8
1290,289,20.0,,8,10
1291,289,,,4,9
1292,290,43.0,19.0,18,8
1293,290,,18.0,1,9
1294,290,36.0,,6,10
1295,290,14.0,20.0,1,7
1296,291,35.0,,30,7
1297,291,,21.0,27,9
1298,291,46.0,,1,10
1299,291,25.0,20.0,2,7
1300,292,15.0,22.0,12,9
1301,292,,22.0,26,7
1302,292,9.0,,15,10
1303,293,42.0,,1,7
1304,293,33.0,,30,10
1305,293,22.0,,1,9
1306,293,23.0,18.0,18,10
1307,294,,,15,9
1308,294,32.0,,26,8
1309,294,,18.0,18,8
1310,294,25.0,21.0,13,9
1311,295,,,6,10
1312,295,18.0,22.0,8,9
1313,295,38.0,,27,8
1314,296,23.0,,18,7
1315,296,26.0,20.0,2,7
1316,296,6.0,,14,10
1317,296,48.0,,18,10
1318,296,,,5,7
1319,297,,19.0,18,9
1320,297,,18.0,16,9
1321,297,2.0,,13,7
1322,297,,,26,8
1323,298,28.0,,26,8
1324,298,,19.0,1,8
1325,298,,21.0,27,9
1326,299,47.0,21.0,16,9
1327,299,34.0,,6,10
1328,299,6.0,22.0,1,7
1329,299,36.0,,26,9
1330,300,47.0,,32,9
1331,300,27.0,,13,10
1332,300,11.0,,2,9
1333,300,4.0,20.0,1,10
1334,301,45.0,,32,9
1335,301,15.0,20.0,29,9
1336,301,,22.0,6,7
1337,301,,21.0,1,9
1338,302,34.0,,26,7
1339,302,20.0,,30,7
1340,302,3.0,22.0,13,9
1341,303,,,1,7
1342,303,,,26,7
1343,303,47.0,22.0,32,10
1344,304,,,2,10
1345,304,,19.0,18,7
1346,304,43.0,19.0,18,7
1347,304,15.0,22.0,2,10
1348,304,,,13,9
1349,305,9.0,,4,7
1350,305,4.0,20.0,1,9
1351,305,30.0,,5,10
1352,306,48.0,,16,8
1353,306,8.0,,2,9
1354,306,23.0,20.0,13,9
1355,306,16.0,,1,7
1356,306,,,32,7
1357,306,,,13,9
1358,307,43.0,19.0,15,8
1359,307,,,12,10
1360,307,,,8,8
1361,307,24.0,20.0,1,10
1362,308,23.0,20.0,1,7
1363,308,,19.0,18,7
1364,308,,,1,8
1365,308,23.0,19.0,18,10
1366,308,12.0,,2,7
1367,308,42.0,,1,10
1368,309,49.0,20.0,1,8
1369,309,23.0,,18,7
1370,309,,22.0,32,10
1371,309,,,32,9
1372,310,23.0,,13,7
1373,310,24.0,21.0,1,7
1374,310,41.0,,15,9
1375,310,24.0,,13,7
1376,310,18.0,,1,10
1377,310,22.0,20.0,1,9
1378,311,43.0,18.0,15,10
1379,311,,,1,8
1380,311,43.0,18.0,15,8
1381,312,,19.0,18,7
1382,312,4.0,22.0,1,8
1383,312,22.0,,13,8
1384,312,41.0,22.0,31,7
1385,312,,,32,8
1386,313,43.0,,15,10
1387,313,19.0,,1,7
1388,313,,19.0,16,8
1389,313,22.0,,1,8
1390,313,,,2,7
1391,313,48.0,21.0,18,9
1392,314,1.0,,13,10
1393,314,15.0,,29,10
1394,314,,,27,7
1395,315,28.0,,26,9
1396,315,6.0,,14,9
1397,315,49.0,20.0,17,9
1398,315,23.0,18.0,18,9
1399,315,23.0,19.0,13,7
1400,315,,20.0,1,10
1401,316,26.0,,8,10
1402,316,,,27,7
1403,316,26.0,,2,10
1404,317,14.0,,12,8
1405,317,,,30,8
1406,317,9.0,20.0,4,8
1407,317,,20.0,15,8
1408,318,,,27,10
1409,318,48.0,20.0,18,7
1410,318,,19.0,18,10
1411,319,15.0,,29,9
1412,319,23.0,18.0,18,10
1413,319,23.0,20.0,13,7
1414,319,40.0,,11,8
1415,320,50.0,,32,8
1416,320,43.0,19.0,15,8
1417,320,,,18,10
1418,320,27.0,,13,9
1419,320,13.0,22.0,1,8
1420,321,,21.0,26,7
1421,321,33.0,,6,8
1422,321,38.0,,27,7
1423,321,,,16,9
1424,321,37.0,,27,7
1425,321,33.0,21.0,30,10
1426,322,,,30,9
1427,322,23.0,18.0,18,8
1428,322,8.0,,3,9
1429,322,18.0,22.0,30,10
1430,322,,20.0,1,9
1431,322,34.0,,6,8
1432,323,,20.0,16,7
1433,323,16.0,,12,7
1434,323,13.0,,1,7
1435,323,41.0,,31,9
1436,324,43.0,19.0,1,10
1437,324,,,12,7
1438,324,,,8,10
1439,325,10.0,22.0,30,9
1440,325,43.0,18.0,1,9
1441,325,,,29,7
1442,326,44.0,,15,7
1443,326,35.0,,30,8
1444,326,,20.0,12,9
1445,327,39.0,,11,9
1446,327,40.0,,31,9
1447,327,36.0,,6,10
1448,327,,,4,10
1449,327,5.0,,1,10
1450,327,,20.0,4,7
1451,328,,22.0,15,7
1452,328,36.0,21.0,6,7
1453,328,2.0,21.0,13,8
1454,328,41.0,,31,7
1455,328,30.0,22.0,26,8
1456,328,15.0,,2,9
1457,329,1.0,21.0,1,10
1458,329,,22.0,13,9
1459,329,15.0,22.0,12,9
1460,330,49.0,,17,8
1461,330,19.0,,1,7
1462,330,49.0,21.0,17,9
1463,330,23.0,18.0,13,8
1464,330,43.0,18.0,15,8
1465,331,40.0,,11,9
1466,331,38.0,,27,10
1467,331,9.0,20.0,15,8
1468,331,11.0,,2,8
1469,332,50.0,,32,10
1470,332,6.0,,1,9
1471,332,,19.0,1,7
1472,332,30.0,,26,9
1473,332,48.0,19.0,16,10
1474,333,39.0,,27,8
1475,333,,,27,10
1476,333,23.0,,18,9
1477,333,48.0,19.0,16,10
1478,334,35.0,,6,7
1479,334,49.0,,17,9
1480,334,,,30,7
1481,334,43.0,18.0,18,7
1482,335,41.0,22.0,15,9
1483,335,23.0,18.0,13,9
1484,335,35.0,,30,7
1485,335,,22.0,31,9
1486,335,,,15,7
1487,335,5.0,,14,8
1488,336,5.0,,1,10
1489,336,16.0,,1,7
1490,336,,18.0,1,10
1491,336,,18.0,18,7
1492,337,48.0,22.0,18,9
1493,337,40.0,,31,8
1494,337,,18.0,1,9
1495,338,24.0,,1,8
1496,338,3.0,22.0,13,10
1497,338,,,27,7
1498,339,43.0,18.0,1,9
1499,339,16.0,21.0,27,10
1500,339,23.0,19.0,1,9
1501,339,1.0,,1,9
1502,340,21.0,20.0,1,9
1503,340,15.0,22.0,2,7
1504,340,43.0,18.0,18,8
1505,341,,,15,8
1506,341,23.0,18.0,18,10
1507,341,9.0,,15,9
1508,341,,22.0,15,10
1509,341,,19.0,18,8
1510,342,,,1,7
1511,342,,,26,7
1512,342,,21.0,1,10
1513,342,,,4,10
1514,342,,,2,9
1515,343,6.0,,14,7
1516,343,39.0,,27,7
1517,343,22.0,,13,8
1518,343,8.0,22.0,3,10
1519,343,35.0,,30,10
1520,343,23.0,18.0,1,9
1521,344,23.0,19.0,1,9
1522,344,19.0,,29,8
1523,344,24.0,,1,8
1524,344,11.0,21.0,2,7
1525,344,43.0,18.0,1,9
1526,345,,19.0,13,8
1527,345,43.0,18.0,15,8
1528,345,18.0,20.0,8,7
1529,346,8.0,21.0,2,10
1530,346,,20.0,16,9
1531,346,,,1,9
1532,346,10.0,,30,8
1533,346,,,6,10
1534,346,43.0,19.0,15,8
1535,347,,,12,9
1536,347,46.0,,16,10
1537,347,15.0,,29,10
1538,348,43.0,18.0,15,8
1539,348,,,26,7
1540,348,23.0,19.0,1,10
1541,348,23.0,19.0,13,9
1542,348,,,26,10
1543,348,,18.0,1,8
1544,349,31.0,22.0,26,7
1545,349,,18.0,18,8
1546,349,12.0,,29,9
1547,349,2.0,,13,8
1548,350,5.0,21.0,14,8
1549,350,27.0,20.0,27,7
1550,350,43.0,19.0,18,9
1551,351,44.0,,15,10
1552,351,43.0,,18,7
1553,351,8.0,22.0,3,10
1554,351,,18.0,13,10
1555,351,,22.0,26,8
1556,351,48.0,18.0,18,8
1557,352,42.0,22.0,1,10
1558,352,14.0,,1,7
1559,352,,,1,7
1560,352,43.0,18.0,18,10
1561,353,13.0,,1,8
1562,353,43.0,18.0,15,7
1563,353,,,26,7
1564,353,,22.0,13,9
1565,353,17.0,,31,9
1566,353,43.0,18.0,1,7
1567,354,1.0,,1,9
1568,354,43.0,18.0,15,7
1569,354,38.0,21.0,27,9
1570,354,21.0,,1,7
1571,355,44.0,,27,9
1572,355,,,17,9
1573,355,,,11,10
1574,355,22.0,,13,10
1575,355,41.0,,31,9
1576,355,30.0,20.0,30,10
1577,356,25.0,,27,8
1578,356,6.0,,1,7
1579,356,40.0,22.0,31,8
1580,357,45.0,,32,9
1581,357,3.0,,1,9
1582,357,,,6,10
1583,357,9.0,,15,9
1584,357,,,29,7
1585,358,26.0,,8,9
1586,358,36.0,,6,9
1587,358,38.0,,11,9
1588,358,35.0,22.0,30,10
1589,358,48.0,18.0,16,10
1590,359,4.0,,1,8
1591,359,18.0,,30,9
1592,359,36.0,,26,7
1593,359,43.0,19.0,1,9
1594,360,,,2,7
1595,360,,19.0,18,9
1596,360,27.0,,27,9
1597,360,48.0,19.0,16,7
1598,361,16.0,21.0,12,10
1599,361,23.0,22.0,1,8
1600,361,,,27,8
1601,362,,21.0,4,8
1602,362,,21.0,11,7
1603,362,5.0,,1,9
1604,363,,19.0,16,9
1605,363,29.0,22.0,26,8
1606,363,,22.0,1,8
1607,363,24.0,22.0,13,9
1608,364,18.0,,1,7
1609,364,,18.0,15,8
1610,364,48.0,19.0,16,8
1611,365,,20.0,5,8
1612,365,1.0,21.0,1,8
1613,365,30.0,,26,9
1614,365,,20.0,5,8
1615,366,18.0,,8,10
1616,366,14.0,,12,10
1617,366,18.0,,8,10
1618,366,14.0,,1,8
1619,367,1.0,,1,10
1620,367,49.0,,17,8
1621,367,,,13,8
1622,367,33.0,,30,8
1623,367,41.0,20.0,1,10
1624,368,18.0,22.0,1,8
1625,368,,,13,7
1626,368,,20.0,12,8
1627,368,26.0,21.0,29,7
1628,368,,,26,10
1629,368,48.0,19.0,18,10
1630,369,43.0,,18,8
1631,369,23.0,,1,10
1632,369,,,1,8
1633,369,6.0,,14,8
1634,369,25.0,,13,9
1635,370,19.0,21.0,8,7
1636,370,4.0,22.0,1,8
1637,370,26.0,22.0,29,10
1638,370,13.0,22.0,1,7
1639,370,5.0,,1,10
1640,370,43.0,19.0,15,9
1641,371,11.0,,32,9
1642,371,48.0,18.0,18,9
1643,371,,,1,10
1644,371,25.0,,27,10
1645,372,31.0,,5,8
1646,372,28.0,20.0,26,7
1647,372,,,1,7
1648,373,43.0,19.0,18,7
1649,373,,19.0,1,8
1650,373,42.0,22.0,1,10
1651,373,10.0,,4,10
1652,374,33.0,,6,9
1653,374,23.0,19.0,1,8
1654,374,34.0,20.0,6,10
1655,374,46.0,,30,9
1656,374,36.0,,6,9
1657,375,42.0,21.0,1,10
1658,375,38.0,,27,7
1659,375,45.0,,32,8
1660,376,23.0,18.0,18,9
1661,376,23.0,19.0,18,9
1662,376,13.0,,12,7
1663,377,20.0,20.0,4,10
1664,377,42.0,,15,10
1665,377,,,1,10
1666,377,20.0,,8,8
1667,378,38.0,20.0,27,10
1668,378,,18.0,1,9
1669,378,,,32,7
1670,378,7.0,21.0,2,8
1671,378,47.0,,16,8
1672,379,14.0,21.0,12,9
1673,379,42.0,,15,9
1674,379,26.0,22.0,2,8
1675,379,12.0,20.0,2,10
1676,380,48.0,19.0,18,7
1677,380,29.0,22.0,26,10
1678,380,17.0,22.0,1,7
1679,381,,,11,9
1680,381,,20.0,1,8
1681,381,40.0,,31,7
1682,381,40.0,,11,7
1683,381,11.0,,32,10
1684,381,16.0,,27,8
1685,382,,,13,7
1686,382,50.0,,17,9
1687,382,43.0,18.0,1,7
1688,382,43.0,19.0,15,9
1689,382,,19.0,16,9
1690,382,43.0,19.0,18,10
1691,383,42.0,21.0,1,10
1692,383,6.0,,14,9
1693,383,21.0,,12,9
1694,384,26.0,,8,7
1695,384,16.0,,27,9
1696,384,36.0,,6,9
1697,384,7.0,,3,10
1698,384,4.0,20.0,1,8
1699,384,,,2,10
1700,385,46.0,,16,8
1701,385,,18.0,18,10
1702,385,42.0,,15,8
1703,385,36.0,,6,8
1704,385,,21.0,15,8
1705,386,43.0,19.0,15,10
1706,386,35.0,21.0,30,8
1707,386,,,29,8
1708,387,31.0,,5,8
1709,387,45.0,,32,10
1710,387,21.0,22.0,1,9
1711,387,,,16,9
1712,387,13.0,,12,8
1713,388,41.0,,1,8
1714,388,29.0,21.0,26,8
1715,388,21.0,20.0,12,8
1716,388,35.0,20.0,30,10
1717,388,,19.0,1,9
1718,389,43.0,19.0,1,8
1719,389,,,32,10
1720,389,23.0,18.0,1,7
1721,390,,22.0,4,8
1722,390,,21.0,12,8
1723,390,42.0,21.0,15,7
1724,390,45.0,,32,10
1725,390,43.0,18.0,18,8
1726,391,,,2,8
1727,391,48.0,19.0,16,7
1728,391,43.0,,15,9
1729,391,23.0,19.0,18,9
1730,391,,,14,9
1731,392,14.0,,1,7
1732,392,14.0,,12,10
1733,392,,22.0,1,9
1734,392,39.0,,11,8
1735,392,23.0,18.0,18,7
1736,393,,,13,10
1737,393,,,14,9
1738,393,30.0,,26,9
1739,393,17.0,,31,8
1740,393,,18.0,15,10
1741,393,,18.0,13,10
1742,394,9.0,,4,8
1743,394,47.0,,16,8
1744,394,3.0,,1,10
1745,394,43.0,18.0,18,7
1746,394,3.0,,1,10
1747,395,28.0,20.0,5,8
1748,395,34.0,,6,10
1749,395,7.0,,3,7
1750,395,23.0,18.0,18,9
1751,395,28.0,,26,9
1752,395,,22.0,16,10
1753,396,43.0,18.0,18,9
1754,396,23.0,19.0,1,8
1755,396,23.0,20.0,18,8
1756,397,11.0,20.0,2,10
1757,397,,,26,10
1758,397,49.0,,1,7
1759,397,12.0,,29,10
1760,397,12.0,20.0,29,9
1761,397,,,1,7
1762,398,37.0,,27,9
1763,398,3.0,,13,9
1764,398,11.0,21.0,2,10
1765,398,49.0,,17,8
1766,398,43.0,18.0,18,9
1767,398,22.0,,13,10
1768,399,,22.0,15,7
1769,399,25.0,,13,7
1770,399,48.0,19.0,16,8
1771,399,46.0,20.0,30,8
1772,400,8.0,,3,8
1773,400,,22.0,17,7
1774,400,1.0,22.0,1,9
1775,400,16.0,,12,8
1776,401,48.0,19.0,18,10
1777,401,,,27,7
1778,401,43.0,19.0,18,7
1779,401,12.0,,2,8
1780,401,5.0,20.0,1,7
1781,402,50.0,,17,8
1782,402,8.0,,3,7
1783,402,4.0,,1,9
1784,402,43.0,19.0,1,8
1785,402,48.0,18.0,18,8
1786,403,16.0,22.0,1,8
1787,403,40.0,,31,8
1788,403,23.0,18.0,18,7
1789,404,33.0,,30,8
1790,404,,18.0,16,9
1791,404,17.0,22.0,8,10
1792,404,,22.0,1,10
1793,405,,19.0,1,9
1794,405,29.0,,5,9
1795,405,,,6,8
1796,405,,,1,10
1797,405,,20.0,11,7
1798,405,43.0,18.0,15,10
1799,406,26.0,,29,10
1800,406,8.0,,3,8
1801,406,5.0,,1,7
1802,406,,,29,10
1803,406,,,26,8
1804,407,,,1,9
1805,407,,22.0,1,10
1806,407,6.0,,14,8
1807,408,35.0,22.0,6,9
1808,408,48.0,,18,9
1809,408,50.0,,17,7
1810,408,46.0,,16,8
1811,409,,,5,7
1812,409,,18.0,1,9
1813,409,27.0,20.0,13,9
1814,409,,,15,9
1815,410,,18.0,1,7
1816,410,23.0,20.0,13,10
1817,410,,,1,9
1818,410,21.0,21.0,12,8
1819,410,47.0,22.0,16,10
1820,411,41.0,,1,7
1821,411,36.0,,6,10
1822,411,33.0,22.0,6,8
1823,411,,,6,9
1824,411,,,4,9
1825,412,,,6,8
1826,412,23.0,18.0,18,9
1827,412,,,16,7
1828,412,31.0,,5,8
1829,412,32.0,,6,9
1830,413,23.0,,18,9
1831,413,5.0,,1,9
1832,413,6.0,20.0,14,7
1833,414,,,1,9
1834,414,49.0,,1,8
1835,414,16.0,22.0,27,10
1836,414,,21.0,6,10
1837,414,43.0,18.0,1,7
1838,414,,,15,8
1839,415,,19.0,1,8
1840,415,23.0,18.0,1,10
1841,415,48.0,18.0,18,7
1842,415,42.0,,1,7
1843,416,39.0,,27,8
1844,416,,22.0,1,9
1845,416,43.0,19.0,18,8
1846,416,47.0,,16,7
1847,416,23.0,19.0,1,10
1848,416,6.0,21.0,14,9
1849,417,26.0,,29,7
1850,417,,,1,7
1851,417,48.0,18.0,18,10
1852,418,11.0,21.0,32,7
1853,418,,19.0,18,10
1854,418,43.0,19.0,1,9
1855,418,43.0,19.0,1,8
1856,418,31.0,,26,9
1857,419,,,13,9
1858,419,,,12,7
1859,419,37.0,22.0,27,7
1860,419,48.0,18.0,18,8
1861,420,,20.0,13,10
1862,420,43.0,18.0,1,9
1863,420,14.0,,12,8
1864,420,30.0,,5,9
1865,420,,20.0,30,10
1866,421,,,5,8
1867,421,5.0,,1,7
1868,421,32.0,,6,7
1869,421,23.0,19.0,18,8
1870,421,37.0,,3,9
1871,421,,,6,8
1872,422,48.0,18.0,18,7
1873,422,43.0,19.0,1,8
1874,422,20.0,22.0,30,10
1875,422,24.0,,1,8
1876,422,,20.0,13,8
1877,423,,,15,7
1878,423,38.0,,11,7
1879,423,23.0,19.0,18,7
1880,423,,,30,9
1881,423,41.0,,31,9
1882,424,38.0,,11,9
1883,424,,,12,9
1884,424,,,2,8
1885,424,21.0,,12,10
1886,425,,,8,10
1887,425,15.0,,29,7
1888,425,44.0,,15,9
1889,425,,,13,8
1890,425,37.0,,3,7
1891,426,47.0,,1,10
1892,426,,19.0,18,8
1893,426,46.0,,1,7
1894,427,46.0,22.0,1,10
1895,427,26.0,,2,8
1896,427,,18.0,1,10
1897,427,1.0,20.0,1,9
1898,428,5.0,,1,7
1899,428,50.0,,17,10
1900,428,,,31,8
1901,429,,,26,9
1902,429,33.0,,30,7
1903,429,,20.0,2,8
1904,429,,22.0,18,10
1905,430,50.0,,32,8
1906,430,25.0,,13,7
1907,430,,21.0,2,9
1908,431,43.0,21.0,18,9
1909,431,21.0,,1,10
1910,431,13.0,,1,7
1911,431,40.0,20.0,11,10
1912,431,3.0,22.0,1,10
1913,432,,22.0,1,8
1914,432,,,12,10
1915,432,,,1,7
1916,432,,20.0,1,7
1917,433,,18.0,1,10
1918,433,42.0,21.0,15,10
1919,433,,,31,10
1920,433,26.0,,29,10
1921,434,11.0,21.0,2,10
1922,434,,19.0,18,9
1923,434,,,18,8
1924,434,43.0,18.0,15,9
1925,434,5.0,20.0,1,8
1926,435,34.0,,6,10
1927,435,,,13,10
1928,435,48.0,19.0,16,10
1929,435,,,12,10
1930,436,41.0,21.0,15,9
1931,436,28.0,,26,7
1932,436,13.0,21.0,12,10
1933,437,20.0,20.0,8,7
1934,437,,22.0,1,8
1935,437,,18.0,16,7
1936,437,19.0,,29,9
1937,438,44.0,,1,7
1938,438,27.0,,27,7
1939,438,43.0,19.0,18,8
1940,439,43.0,,15,10
1941,439,,20.0,6,10
1942,439,12.0,20.0,2,10
1943,439,7.0,20.0,3,9
1944,439,,22.0,13,7
1945,439,27.0,,13,8
1946,440,,,4,8
1947,440,,19.0,18,7
1948,440,,21.0,13,9
1949,440,37.0,20.0,3,7
1950,441,2.0,21.0,1,9
1951,441,,,1,9
1952,441,15.0,,12,8
1953,441,39.0,20.0,11,8
1954,441,,19.0,18,7
1955,441,,19.0,16,8
1956,442,23.0,18.0,13,10
1957,442,23.0,19.0,1,8
1958,442,43.0,,1,10
1959,443,27.0,21.0,2,10
1960,443,29.0,21.0,13,8
1961,443,47.0,,16,7
1962,443,15.0,,12,7
1963,444,41.0,,1,8
1964,444,43.0,19.0,15,9
1965,444,40.0,,31,10
1966,444,,19.0,16,7
1967,444,,22.0,1,9
1968,444,10.0,21.0,4,8
1969,445,50.0,,17,8
1970,445,,,12,9
1971,445,,,29,8
1972,445,23.0,18.0,1,10
1973,445,9.0,,4,8
1974,446,2.0,,13,9
1975,446,,,12,10
1976,446,21.0,21.0,12,9
1977,446,33.0,21.0,30,8
1978,446,11.0,,32,7
1979,447,,,12,7
1980,447,,,32,9
1981,447,9.0,,4,7
1982,447,43.0,18.0,18,8
1983,448,8.0,21.0,3,10
1984,448,30.0,,30,10
1985,448,43.0,19.0,1,7
1986,448,18.0,22.0,30,8
1987,449,31.0,,5,8
1988,449,,,6,9
1989,449,,,2,9
1990,449,29.0,20.0,5,7
1991,449,14.0,,1,8
1992,450,,,1,8
1993,450,48.0,18.0,18,7
1994,450,19.0,,29,9
1995,451,2.0,,13,10
1996,451,48.0,18.0,16,9
1997,451,43.0,18.0,18,8
1998,451,48.0,18.0,16,7
1999,452,23.0,18.0,1,7
2000,452,43.0,20.0,15,7
2001,452,,19.0,18,9
2002,453,43.0,18.0,18,9
2003,453,,,1,7
2004,453,23.0,18.0,1,9
2005,453,25.0,,13,8
2006,453,23.0,18.0,1,7
2007,454,11.0,21.0,2,9
2008,454,34.0,,26,8
2009,454,,18.0,15,10
2010,454,48.0,19.0,16,10
2011,455,48.0,19.0,18,8
2012,455,,,5,7
2013,455,,,12,8
2014,455,15.0,,29,10
2015,455,12.0,22.0,29,8
2016,456,,,2,10
2017,456,12.0,22.0,29,10
2018,456,40.0,,11,10
2019,456,19.0,,8,9
2020,456,21.0,21.0,1,10
2021,457,23.0,19.0,1,9
2022,457,46.0,,30,10
2023,457,27.0,21.0,27,8
2024,457,34.0,,26,9
2025,457,,,13,8
2026,457,18.0,21.0,30,9
2027,458,9.0,22.0,4,7
2028,458,11.0,,32,8
2029,458,23.0,19.0,18,10
2030,458,21.0,,1,8
2031,458,44.0,,27,10
2032,459,27.0,,13,9
2033,459,23.0,18.0,18,7
2034,459,25.0,21.0,2,7
2035,459,48.0,18.0,18,10
2036,459,43.0,19.0,15,8
2037,459,14.0,,12,10
2038,460,,,11,10
2039,460,23.0,19.0,1,8
2040,460,6.0,,14,9
2041,461,21.0,,1,9
2042,461,48.0,19.0,18,8
2043,461,27.0,,27,10
2044,462,26.0,,2,10
2045,462,,21.0,27,7
2046,462,41.0,21.0,1,10
2047,462,,21.0,26,8
2048,462,,,2,7
2049,462,1.0,21.0,1,10
2050,463,,19.0,16,10
2051,463,8.0,,2,9
2052,463,3.0,20.0,13,8
2053,463,15.0,,29,10
2054,463,17.0,,31,9
2055,463,,22.0,29,9
2056,464,47.0,,16,9
2057,464,43.0,19.0,18,9
2058,464,31.0,,26,10
2059,465,22.0,,1,8
2060,465,,20.0,27,10
2061,465,6.0,,1,10
2062,465,43.0,19.0,1,7
2063,465,,21.0,31,7
2064,465,,,2,7
2065,466,,18.0,1,7
2066,466,34.0,,26,10
2067,466,,,26,8
2068,466,,22.0,11,10
2069,466,,19.0,16,7
2070,466,9.0,,4,9
2071,467,38.0,,27,7
2072,467,44.0,,1,7
2073,467,32.0,,26,9
2074,467,,20.0,1,9
2075,467,32.0,20.0,26,7
2076,468,35.0,,6,9
2077,468,24.0,22.0,1,8
2078,468,,19.0,18,8
2079,468,7.0,,3,7
2080,468,,22.0,30,9
2081,469,,18.0,15,7
2082,469,48.0,18.0,18,10
2083,469,9.0,,15,9
2084,469,,,1,10
2085,469,,,16,9
2086,469,36.0,,26,8
2087,470,22.0,20.0,1,10
2088,470,28.0,,26,7
2089,470,3.0,20.0,1,10
2090,470,,,29,10
2091,470,43.0,22.0,15,7
2092,470,47.0,20.0,16,9
2093,471,31.0,,5,8
2094,471,47.0,,1,10
2095,471,23.0,19.0,13,9
2096,471,6.0,,1,8
2097,472,,,30,8
2098,472,19.0,,8,8
2099,472,15.0,,12,7
2100,472,43.0,18.0,1,8
2101,472,48.0,19.0,18,10
2102,472,23.0,19.0,18,9
2103,473,30.0,,30,7
2104,473,47.0,21.0,16,10
2105,473,43.0,,18,8
2106,473,30.0,,5,10
2107,474,36.0,20.0,26,10
2108,474,,20.0,26,7
2109,474,23.0,18.0,1,10
2110,475,,21.0,11,8
2111,475,18.0,,30,7
2112,475,27.0,,2,8
2113,476,37.0,,3,9
2114,476,24.0,21.0,13,8
2115,476,22.0,,1,7
2116,476,,20.0,16,7
2117,476,17.0,,8,9
2118,476,,,4,8
2119,477,31.0,,26,9
2120,477,43.0,18.0,15,9
2121,477,,22.0,3,9
2122,478,,,1,9
2123,478,31.0,20.0,26,10
2124,478,11.0,22.0,32,7
2125,478,6.0,,14,8
2126,478,,,30,10
2127,478,43.0,18.0,1,8
2128,479,37.0,,3,10
2129,479,43.0,19.0,15,7
2130,479,47.0,,1,10
2131,479,23.0,,18,8
2132,479,,,1,7
2133,480,,19.0,15,10
2134,480,39.0,22.0,11,8
2135,480,10.0,,4,7
2136,480,11.0,,32,8
2137,480,17.0,,1,10
2138,480,24.0,,1,7
2139,481,,,4,9
2140,481,,,31,8
2141,481,,18.0,1,7
2142,481,48.0,19.0,18,8
2143,482,39.0,21.0,27,8
2144,482,23.0,18.0,13,8
2145,482,28.0,,26,7
2146,483,,18.0,18,10
2147,483,31.0,21.0,5,8
2148,483,15.0,,29,7
2149,483,,,6,8
2150,483,19.0,22.0,29,7
2151,484,,,4,7
2152,484,9.0,,4,7
2153,484,,19.0,18,9
2154,484,14.0,,12,8
2155,485,6.0,,1,10
2156,485,43.0,22.0,18,10
2157,485,,19.0,18,7
2158,485,37.0,,3,9
2159,485,24.0,21.0,1,10
2160,485,,18.0,18,9
2161,486,,18.0,18,7
2162,486,,20.0,18,9
2163,486,43.0,18.0,1,9
2164,486,23.0,18.0,18,9
2165,486,50.0,,17,10
2166,487,25.0,,27,7
2167,487,42.0,20.0,1,10
2168,487,,18.0,1,8
2169,487,,,13,8
2170,487,48.0,19.0,18,8
2171,488,,18.0,16,8
2172,488,43.0,19.0,15,9
2173,488,26.0,,2,7
2174,488,3.0,,13,9
2175,488,49.0,,1,7
2176,489,15.0,,2,8
2177,489,,,6,7
2178,489,,,27,7
2179,489,11.0,,32,9
2180,489,48.0,19.0,16,7
2181,489,16.0,22.0,27,7
2182,490,26.0,20.0,29,7
2183,490,,,1,10
2184,490,16.0,,27,9
2185,490,22.0,,13,10
2186,491,,20.0,4,8
2187,491,48.0,,18,10
2188,491,,,14,8
2189,492,,18.0,1,8
2190,492,33.0,21.0,6,10
2191,492,40.0,20.0,11,9
2192,492,23.0,19.0,13,7
2193,492,,18.0,1,8
2194,492,23.0,,18,9
2195,493,48.0,19.0,18,8
2196,493,,21.0,4,9
2197,493,19.0,,29,7
2198,493,3.0,21.0,13,8
2199,493,18.0,21.0,8,9
2200,494,,,1,7
2201,494,47.0,,32,9
2202,494,43.0,19.0,18,10
2203,494,,19.0,18,9
2204,495,48.0,18.0,16,10
2205,495,48.0,18.0,16,7
2206,495,,19.0,1,10
2207,495,4.0,21.0,1,8
2208,495,11.0,21.0,2,7
2209,495,43.0,19.0,15,9
2210,496,23.0,18.0,13,8
2211,496,34.0,,6,9
2212,496,28.0,22.0,26,7
2213,496,,22.0,1,10
2214,496,21.0,,12,9
2215,497,,,2,10
2216,497,12.0,,29,8
2217,497,23.0,18.0,18,10
2218,497,50.0,22.0,32,7
2219,498,23.0,18.0,18,9
2220,498,23.0,19.0,13,9
2221,498,,,27,10
2222,498,,,1,7
2223,498,15.0,21.0,12,10
2224,498,,,1,7
2225,499,47.0,,16,8
2226,499,20.0,21.0,4,8
2227,499,48.0,19.0,18,8
2228,499,14.0,,12,10
2229,500,43.0,19.0,15,7
2230,500,26.0,21.0,29,10
2231,500,43.0,,1,8
2232,501,33.0,,30,10
2233,501,49.0,,1,8
2234,501,,,4,8
2235,501,32.0,21.0,26,8
2236,501,21.0,,12,7
2237,502,,22.0,11,8
2238,502,36.0,,6,8
2239,502,,,15,10
2240,502,41.0,20.0,1,9
2241,502,43.0,19.0,15,9
2242,502,4.0,20.0,1,9
2243,503,27.0,20.0,2,10
2244,503,4.0,,1,10
2245,503,29.0,20.0,26,10
2246,503,18.0,20.0,8,7
2247,503,35.0,,30,7
2248,503,,21.0,30,7
2249,504,48.0,,16,7
2250,504,,,26,8
2251,504,23.0,19.0,1,8
2252,504,23.0,,18,7
2253,504,8.0,,3,10
2254,504,48.0,,16,7
2255,505,,18.0,1,7
2256,505,6.0,,1,7
2257,505,34.0,22.0,6,7
2258,506,48.0,18.0,16,8
2259,506,14.0,,12,8
2260,506,30.0,,30,10
2261,506,2.0,,13,7
2262,506,,,2,8
2263,506,,18.0,13,7
2264,507,32.0,,6,10
2265,507,,21.0,13,7
2266,507,23.0,19.0,13,9
2267,508,14.0,,12,8
2268,508,,20.0,16,7
2269,508,,20.0,16,10
2270,508,48.0,18.0,16,9
2271,508,,20.0,12,8
2272,509,13.0,,12,9
2273,509,33.0,,30,7
2274,509,10.0,,30,7
2275,509,28.0,20.0,5,9
2276,510,3.0,,13,8
2277,510,39.0,,27,9
2278,510,,18.0,15,8
2279,510,28.0,,26,10
2280,510,35.0,21.0,6,8
2281,510,18.0,21.0,30,9
2282,511,38.0,22.0,11,8
2283,511,,,32,9
2284,511,,,11,8
2285,511,47.0,,1,9
2286,511,5.0,20.0,1,9
2287,511,34.0,,6,10
2288,512,34.0,,26,7
2289,512,48.0,19.0,18,7
2290,512,42.0,,1,9
2291,512,49.0,,1,8
2292,513,,,32,8
2293,513,,,26,10
2294,513,20.0,,8,9
2295,513,29.0,,26,9
2296,513,,,12,9
2297,514,35.0,21.0,30,8
2298,514,,22.0,2,10
2299,514,23.0,,1,10
2300,515,20.0,,30,7
2301,515,8.0,,2,7
2302,515,,18.0,1,7
2303,515,14.0,22.0,1,7
2304,516,48.0,18.0,18,10
2305,516,48.0,19.0,18,9
2306,516,23.0,18.0,1,8
2307,517,43.0,18.0,18,8
2308,517,32.0,22.0,6,10
2309,517,48.0,20.0,16,7
2310,517,31.0,,5,8
2311,517,40.0,,31,10
2312,517,2.0,,1,9
2313,518,27.0,,27,7
2314,518,12.0,22.0,2,9
2315,518,,,13,8
2316,519,11.0,,2,8
2317,519,2.0,20.0,1,10
2318,519,43.0,22.0,18,7
2319,519,,19.0,13,9
2320,519,24.0,,1,8
2321,519,,,27,10
2322,520,,21.0,4,10
2323,520,48.0,19.0,16,8
2324,520,,,15,10
2325,521,,,27,8
2326,521,48.0,19.0,16,9
2327,521,10.0,,30,10
2328,522,,,26,9
2329,522,43.0,19.0,1,9
2330,522,4.0,22.0,1,7
2331,523,,,1,10
2332,523,10.0,22.0,4,9
2333,523,8.0,,3,8
2334,523,23.0,18.0,13,7
2335,523,23.0,18.0,1,9
2336,524,47.0,22.0,16,8
2337,524,23.0,18.0,1,10
2338,524,19.0,,29,7
2339,524,48.0,18.0,18,7
2340,524,40.0,,11,10
2341,524,15.0,,2,10
2342,525,18.0,,1,9
2343,525,32.0,,6,8
2344,525,,,1,7
2345,525,48.0,19.0,16,9
2346,525,2.0,,13,8
2347,526,23.0,19.0,13,8
2348,526,29.0,22.0,13,9
2349,526,,19.0,18,10
2350,526,37.0,,27,9
2351,527,20.0,20.0,8,8
2352,527,23.0,18.0,18,8
2353,527,43.0,19.0,1,9
2354,527,50.0,,32,8
2355,527,39.0,,27,9
2356,528,11.0,21.0,32,8
2357,528,,,1,8
2358,528,41.0,,15,8
2359,528,,22.0,13,7
2360,529,,21.0,14,8
2361,529,18.0,21.0,8,9
2362,529,23.0,19.0,1,9
2363,529,46.0,,1,7
2364,530,26.0,21.0,2,8
2365,530,14.0,,1,8
2366,530,,21.0,6,10
2367,530,39.0,21.0,27,8
2368,530,43.0,19.0,18,8
2369,531,,,14,9
2370,531,23.0,18.0,1,8
2371,531,,,13,10
2372,531,2.0,20.0,13,9
2373,531,,20.0,26,7
2374,531,37.0,21.0,27,7
2375,532,,,12,9
2376,532,,,11,10
2377,532,14.0,,12,9
2378,533,47.0,,1,9
2379,533,,22.0,1,7
2380,533,,,2,10
2381,533,48.0,18.0,18,9
2382,534,7.0,20.0,2,8
2383,534,,21.0,30,10
2384,534,,,13,7
2385,535,19.0,22.0,29,8
2386,535,23.0,18.0,13,9
2387,535,,,27,8
2388,535,39.0,21.0,27,8
2389,535,30.0,,30,9
2390,536,41.0,21.0,31,9
2391,536,42.0,,15,10
2392,536,9.0,,15,9
2393,537,,19.0,1,8
2394,537,2.0,,1,8
2395,537,50.0,,32,9
2396,537,40.0,,31,7
2397,537,,,1,9
2398,537,,20.0,32,9
2399,538,2.0,,13,8
2400,538,,,27,9
2401,538,,,14,10
2402,538,19.0,,29,9
2403,539,17.0,21.0,31,8
2404,539,31.0,22.0,26,8
2405,539,31.0,20.0,5,9
2406,539,,19.0,18,10
2407,539,22.0,20.0,13,10
2408,539,10.0,,30,9
2409,540,,,13,7
2410,540,47.0,20.0,32,7
2411,540,20.0,,4,10
2412,540,,,27,10
2413,540,8.0,20.0,3,7
2414,541,14.0,,1,8
2415,541,48.0,18.0,16,10
2416,541,2.0,21.0,1,9
2417,541,,18.0,18,10
2418,541,43.0,18.0,18,9
2419,542,,,13,10
2420,542,43.0,18.0,1,10
2421,542,,,17,8
2422,543,,20.0,27,10
2423,543,5.0,,14,10
2424,543,8.0,,3,7
2425,544,40.0,,31,7
2426,544,,21.0,27,9
2427,544,,22.0,6,10
2428,545,25.0,,27,9
2429,545,17.0,22.0,31,7
2430,545,48.0,18.0,16,10
2431,546,,18.0,16,8
2432,546,43.0,19.0,15,10
2433,546,6.0,,1,7
2434,547,48.0,19.0,16,9
2435,547,45.0,22.0,32,10
2436,547,4.0,22.0,13,9
2437,547,16.0,22.0,27,8
2438,548,33.0,,6,8
2439,548,8.0,22.0,3,7
2440,548,,,3,9
2441,548,23.0,18.0,1,9
2442,548,14.0,,1,7
2443,549,,21.0,3,10
2444,549,41.0,,15,9
2445,549,12.0,22.0,2,8
2446,549,40.0,,31,8
2447,549,23.0,18.0,18,9
2448,550,27.0,,13,8
2449,550,17.0,20.0,31,7
2450,550,27.0,,2,9
2451,550,23.0,,13,10
2452,550,8.0,,3,7
2453,550,15.0,22.0,29,8
2454,551,30.0,,30,9
2455,551,17.0,,31,9
2456,551,6.0,,1,9
2457,552,15.0,21.0,12,7
2458,552,,18.0,1,9
2459,552,,19.0,15,8
2460,552,19.0,22.0,1,7
2461,552,,21.0,27,7
2462,552,,,16,8
2463,553,13.0,,1,8
2464,553,24.0,22.0,13,9
2465,553,48.0,18.0,16,8
2466,553,24.0,,1,7
2467,553,31.0,,5,10
2468,554,48.0,19.0,16,8
2469,554,,,26,10
2470,554,40.0,,11,8
2471,554,15.0,20.0,2,10
2472,555,,18.0,16,7
2473,555,15.0,21.0,2,10
2474,555,,,1,8
2475,555,48.0,18.0,16,8
2476,555,22.0,21.0,13,8
2477,556,,,30,8
2478,556,48.0,19.0,16,9
2479,556,43.0,18.0,18,7
2480,556,,22.0,6,7
2481,557,,19.0,1,10
2482,557,23.0,18.0,1,9
2483,557,17.0,,31,10
2484,558,39.0,,11,10
2485,558,23.0,19.0,1,8
2486,558,,,27,9
2487,558,42.0,,1,8
2488,558,43.0,19.0,15,10
2489,559,9.0,,4,8
2490,559,,,13,10
2491,559,16.0,,12,9
2492,559,3.0,20.0,1,10
2493,559,48.0,18.0,18,10
2494,559,10.0,22.0,30,10
2495,560,50.0,,32,10
2496,560,33.0,,30,7
2497,560,,21.0,1,10
2498,560,22.0,,1,9
2499,560,45.0,,16,8
2500,560,,20.0,2,8
2501,561,25.0,,13,8
2502,561,,19.0,15,9
2503,561,48.0,19.0,16,9
2504,561,18.0,22.0,1,10
2505,561,7.0,,2,9
2506,561,,,16,9
2507,562,22.0,,13,9
2508,562,34.0,,26,9
2509,562,19.0,21.0,1,10
2510,562,48.0,19.0,16,8
2511,563,29.0,20.0,13,9
2512,563,23.0,18.0,18,10
2513,563,5.0,,14,8
2514,563,32.0,,26,8
2515,563,,18.0,15,10
2516,564,,19.0,16,9
2517,564,26.0,,29,8
2518,564,15.0,,29,10
2519,564,,,13,7
2520,564,16.0,22.0,27,8
2521,565,15.0,21.0,12,9
2522,565,23.0,19.0,13,8
2523,565,26.0,,29,10
2524,565,14.0,,1,8
2525,565,37.0,22.0,27,7
2526,565,44.0,,1,7
2527,566,,,4,7
2528,566,48.0,19.0,16,8
2529,566,,,32,9
2530,566,28.0,22.0,5,7
2531,566,2.0,,1,9
2532,567,,22.0,30,7
2533,567,6.0,20.0,1,7
2534,567,48.0,19.0,16,10
2535,567,,20.0,1,7
2536,567,,,29,9
2537,567,31.0,,26,7
2538,568,4.0,20.0,1,9
2539,568,23.0,,18,7
2540,568,,21.0,18,8
2541,568,36.0,21.0,6,7
2542,568,13.0,20.0,1,9
2543,568,38.0,,11,9
2544,569,35.0,22.0,6,10
2545,569,,19.0,1,7
2546,569,28.0,20.0,5,10
2547,569,,19.0,13,9
2548,570,2.0,,13,9
2549,570,10.0,,4,7
2550,570,23.0,18.0,18,8
2551,570,34.0,22.0,6,9
2552,571,8.0,,3,9
2553,571,17.0,,1,9
2554,571,16.0,,12,7
2555,571,47.0,20.0,1,10
2556,572,9.0,,4,10
2557,572,6.0,,1,8
2558,572,3.0,,13,7
2559,572,25.0,,27,7
2560,572,7.0,,2,8
2561,572,36.0,,6,9
2562,573,35.0,,6,9
2563,573,23.0,22.0,1,10
2564,573,,,13,7
2565,573,17.0,,31,8
2566,574,43.0,19.0,15,8
2567,574,,,1,10
2568,574,9.0,20.0,15,8
2569,574,3.0,20.0,1,8
2570,574,,18.0,13,9
2571,574,8.0,,3,8
2572,575,48.0,18.0,16,9
2573,575,11.0,,2,7
2574,575,30.0,20.0,30,10
2575,575,,,13,7
2576,575,39.0,20.0,27,8
2577,576,8.0,21.0,3,10
2578,576,,21.0,1,8
2579,576,16.0,,12,8
2580,576,8.0,,2,8
2581,577,12.0,,2,9
2582,577,,21.0,2,9
2583,577,10.0,,30,10
2584,577,,18.0,18,7
2585,577,33.0,22.0,6,10
2586,577,,19.0,1,8
2587,578,22.0,,1,10
2588,578,39.0,20.0,11,8
2589,578,6.0,,14,7
2590,578,,,31,7
2591,578,7.0,,3,8
2592,579,,19.0,18,7
2593,579,,19.0,18,10
2594,579,23.0,18.0,1,9
2595,579,15.0,20.0,29,10
2596,580,38.0,22.0,27,10
2597,580,,,6,7
2598,580,23.0,19.0,1,7
2599,580,29.0,21.0,13,10
2600,581,29.0,20.0,13,8
2601,581,43.0,18.0,1,10
2602,581,26.0,20.0,8,9
2603,581,23.0,19.0,18,10
2604,581,48.0,,18,8
2605,582,21.0,,1,10
2606,582,29.0,,13,9
2607,582,7.0,21.0,3,7
2608,582,1.0,,1,7
2609,582,49.0,22.0,17,10
2610,583,,19.0,13,8
2611,583,,22.0,4,7
2612,583,38.0,,11,9
2613,584,,,2,8
2614,584,36.0,,26,7
2615,584,11.0,22.0,32,7
2616,584,11.0,,32,7
2617,584,50.0,,32,7
2618,584,,21.0,30,7
2619,585,,22.0,5,8
2620,585,,,14,9
2621,585,10.0,,4,7
2622,585,29.0,,13,9
2623,585,2.0,,1,9
2624,586,,22.0,3,7
2625,586,16.0,20.0,27,9
2626,586,,,6,10
2627,586,18.0,,30,8
2628,587,29.0,,13,8
2629,587,43.0,22.0,15,7
2630,587,14.0,21.0,12,8
2631,588,17.0,,8,8
2632,588,32.0,20.0,6,7
2633,588,4.0,,1,10
2634,589,24.0,20.0,1,7
2635,589,7.0,,2,10
2636,589,,21.0,16,8
2637,589,22.0,20.0,13,8
2638,590,,,26,9
2639,590,,20.0,1,9
2640,590,43.0,19.0,1,10
2641,590,,19.0,16,8
2642,591,25.0,,2,10
2643,591,37.0,,27,10
2644,591,,22.0,30,7
2645,592,7.0,,3,8
2646,592,34.0,,6,8
2647,592,,19.0,13,10
2648,592,14.0,,12,10
2649,592,,,26,7
2650,593,7.0,,2,9
2651,593,12.0,,29,8
2652,593,15.0,,12,8
2653,594,,,12,8
2654,594,,,13,8
2655,594,34.0,,6,10
2656,594,23.0,19.0,18,9
2657,595,27.0,,27,9
2658,595,,,4,10
2659,595,,18.0,13,8
2660,595,38.0,,11,7
2661,595,,,3,10
2662,596,49.0,21.0,17,9
2663,596,14.0,,1,7
2664,596,,18.0,1,9
2665,596,48.0,18.0,18,8
2666,596,20.0,,30,8
2667,596,8.0,,2,7
2668,597,,,15,8
2669,597,43.0,18.0,18,9
2670,597,47.0,,32,10
2671,598,18.0,,8,9
2672,598,,,1,9
2673,598,,22.0,13,8
2674,598,,,8,7
2675,598,,20.0,15,10
2676,599,,22.0,8,8
2677,599,30.0,,30,9
2678,599,31.0,,26,7
2679,599,,19.0,18,9
2680,599,,19.0,16,7
2681,600,40.0,,11,9
2682,600,23.0,19.0,1,7
2683,600,14.0,,12,7
2684,600,,18.0,15,8
2685,600,17.0,21.0,1,8
2686,600,,22.0,1,10
2687,601,38.0,,11,10
2688,601,37.0,22.0,27,7
2689,601,32.0,,26,10
2690,602,,,1,9
2691,602,10.0,20.0,30,7
2692,602,35.0,,30,7
2693,602,,22.0,5,8
2694,602,,,1,7
2695,602,45.0,20.0,16,10
2696,603,48.0,19.0,18,8
2697,603,4.0,20.0,1,8
2698,603,43.0,18.0,15,10
2699,604,,,5,9
2700,604,32.0,,26,9
2701,604,50.0,22.0,17,8
2702,604,23.0,19.0,13,8
2703,604,2.0,22.0,13,10
2704,605,,20.0,2,7
2705,605,,,15,8
2706,605,43.0,19.0,18,7
2707,605,4.0,,1,9
2708,605,,18.0,1,7
2709,606,28.0,21.0,26,9
2710,606,31.0,22.0,5,8
2711,606,48.0,19.0,16,9
2712,606,34.0,20.0,26,7
2713,606,14.0,,12,8
2714,607,14.0,,1,10
2715,607,23.0,19.0,18,9
2716,607,19.0,,8,7
2717,607,3.0,20.0,1,7
2718,607,48.0,21.0,18,7
2719,608,50.0,,32,9
2720,608,,21.0,30,10
2721,608,46.0,20.0,30,8
2722,608,48.0,19.0,16,9
2723,609,48.0,19.0,16,8
2724,609,20.0,,8,10
2725,609,43.0,18.0,15,9
2726,610,33.0,,30,10
2727,610,,19.0,18,7
2728,610,21.0,20.0,1,7
2729,610,,19.0,1,9
2730,610,14.0,,1,8
2731,611,37.0,21.0,3,7
2732,611,43.0,,1,10
2733,611,15.0,,2,10
2734,611,38.0,,27,8
2735,612,40.0,,11,9
2736,612,21.0,20.0,1,7
2737,612,13.0,,12,9
2738,612,18.0,,30,10
2739,613,30.0,22.0,5,9
2740,613,,18.0,16,10
2741,613,19.0,22.0,8,8
2742,613,,,1,9
2743,613,17.0,,31,10
2744,614,48.0,22.0,18,9
2745,614,,,1,7
2746,614,,21.0,6,7
2747,614,,21.0,8,10
2748,614,37.0,,27,9
2749,614,,,8,8
2750,615,43.0,18.0,15,9
2751,615,48.0,18.0,16,10
2752,615,43.0,18.0,1,10
2753,615,,18.0,13,8
2754,616,48.0,,18,8
2755,616,37.0,,3,9
2756,616,48.0,21.0,18,8
2757,616,,,1,10
2758,617,11.0,20.0,32,8
2759,617,,21.0,29,7
2760,617,5.0,22.0,14,9
2761,617,,22.0,13,7
2762,618,,,8,10
2763,618,,,1,10
2764,618,32.0,,6,7
2765,618,43.0,18.0,18,7
2766,619,13.0,20.0,12,10
2767,619,41.0,21.0,31,7
2768,619,3.0,,13,9
2769,619,48.0,19.0,16,8
2770,619,26.0,20.0,29,9
2771,619,45.0,,16,10
2772,620,,,1,7
2773,620,14.0,20.0,1,7
2774,620,1.0,22.0,13,7
2775,620,,19.0,18,9
2776,620,3.0,22.0,1,7
2777,621,40.0,,31,7
2778,621,32.0,,6,10
2779,621,,,30,8
2780,621,42.0,,15,9
2781,621,48.0,20.0,18,7
2782,622,23.0,21.0,1,8
2783,622,43.0,19.0,18,7
2784,622,43.0,18.0,18,9
2785,622,,,26,10
2786,622,23.0,20.0,1,9
2787,622,50.0,,32,8
2788,623,,22.0,6,7
2789,623,43.0,19.0,1,7
2790,623,23.0,19.0,13,10
2791,623,,,1,10
2792,623,,19.0,16,9
2793,624,43.0,18.0,18,7
2794,624,,,14,8
2795,624,,,32,10
2796,624,17.0,,1,10
2797,625,25.0,,2,8
2798,625,48.0,18.0,18,9
2799,625,23.0,19.0,1,8
2800,625,,21.0,26,7
2801,626,,18.0,1,7
2802,626,,18.0,13,7
2803,626,47.0,,16,10
2804,626,,22.0,29,8
2805,626,,21.0,15,10
2806,627,,22.0,27,9
2807,627,,,13,7
2808,627,,,32,10
2809,627,40.0,22.0,11,10
2810,628,38.0,21.0,27,8
2811,628,,22.0,30,7
2812,628,30.0,,26,9
2813,629,25.0,,27,8
2814,629,10.0,,30,10
2815,629,,19.0,18,9
2816,629,,18.0,15,10
2817,629,5.0,22.0,14,10
2818,629,50.0,,17,8
2819,630,,,13,8
2820,630,46.0,,30,8
2821,630,19.0,,8,8
2822,630,6.0,,14,9
2823,631,,20.0,31,7
2824,631,14.0,22.0,12,8
2825,631,31.0,,26,9
2826,631,20.0,,4,7
2827,631,26.0,22.0,29,8
2828,631,,,18,7
2829,632,46.0,20.0,30,9
2830,632,40.0,22.0,31,10
2831,632,49.0,,1,7
2832,632,48.0,19.0,16,8
2833,632,34.0,22.0,6,10
2834,633,23.0,19.0,18,10
2835,633,,22.0,5,9
2836,633,48.0,19.0,16,7
2837,633,,,32,7
2838,634,39.0,22.0,27,7
2839,634,49.0,,17,9
2840,634,,21.0,32,10
2841,634,38.0,,11,9
2842,634,,21.0,26,9
2843,635,,18.0,18,9
2844,635,42.0,,1,8
2845,635,,21.0,13,9
2846,635,,,30,10
2847,635,,,17,9
2848,636,23.0,19.0,18,7
2849,636,,20.0,15,10
2850,636,,,1,9
2851,636,43.0,19.0,15,9
2852,636,48.0,18.0,18,10
2853,636,16.0,22.0,1,10
2854,637,17.0,20.0,1,8
2855,637,30.0,,26,8
2856,637,,,1,9
2857,637,33.0,,30,8
2858,637,,21.0,32,7
2859,637,,19.0,18,8
2860,638,31.0,21.0,5,8
2861,638,20.0,22.0,4,9
2862,638,13.0,,12,9
2863,638,23.0,,18,9
2864,639,,22.0,26,9
2865,639,7.0,,3,10
2866,639,34.0,20.0,6,9
2867,639,,19.0,16,7
2868,639,44.0,20.0,15,7
2869,640,23.0,18.0,13,10
2870,640,48.0,18.0,16,8
2871,640,26.0,,2,7
2872,640,,22.0,12,8
2873,641,41.0,22.0,1,9
2874,641,21.0,,12,8
2875,641,20.0,,30,8
2876,641,22.0,,13,7
2877,642,,,1,7
2878,642,49.0,,17,8
2879,642,,,12,9
2880,642,28.0,,5,9
2881,642,30.0,,26,9
2882,643,,,3,8
2883,643,,22.0,32,9
2884,643,43.0,18.0,18,8
2885,643,,,1,10
2886,644,17.0,,1,10
2887,644,13.0,,12,9
2888,644,43.0,18.0,15,10
2889,644,50.0,,32,7
2890,644,25.0,21.0,2,10
2891,644,48.0,19.0,18,9
2892,645,5.0,,1,10
2893,645,,18.0,16,8
2894,645,31.0,21.0,26,10
2895,645,17.0,,31,10
2896,645,27.0,20.0,2,9
2897,645,,,13,9
2898,646,44.0,,15,7
2899,646,,,1,7
2900,646,,18.0,18,9
2901,647,19.0,,29,7
2902,647,43.0,18.0,1,10
2903,647,,20.0,8,8
2904,647,43.0,18.0,1,7
2905,648,4.0,,13,10
2906,648,39.0,,11,7
2907,648,,,8,8
2908,648,10.0,,30,9
2909,648,45.0,22.0,16,9
2910,648,47.0,21.0,16,9
2911,649,45.0,,16,10
2912,649,,,3,10
2913,649,,21.0,26,9
2914,649,,19.0,18,9
2915,649,21.0,,1,10
2916,650,43.0,18.0,1,8
2917,650,18.0,,30,10
2918,650,48.0,18.0,18,8
2919,650,32.0,,6,8
2920,650,15.0,22.0,29,9
2921,650,,,14,9
2922,651,49.0,,1,9
2923,651,,,26,9
2924,651,9.0,,4,8
2925,651,8.0,,3,7
2926,651,3.0,,1,10
2927,652,36.0,,26,8
2928,652,19.0,,29,8
2929,652,48.0,19.0,16,10
2930,653,,19.0,15,7
2931,653,,22.0,1,8
2932,653,11.0,,32,8
2933,654,12.0,21.0,2,7
2934,654,,18.0,18,10
2935,654,4.0,,13,9
2936,654,,20.0,17,8
2937,655,31.0,,5,7
2938,655,,,1,9
2939,655,23.0,,1,7
2940,655,23.0,18.0,13,10
2941,656,26.0,,2,8
2942,656,43.0,19.0,1,7
2943,656,48.0,18.0,18,7
2944,656,24.0,20.0,13,7
2945,657,11.0,21.0,2,7
2946,657,,20.0,1,10
2947,657,3.0,,13,8
2948,657,,,1,7
2949,657,48.0,18.0,18,8
2950,657,48.0,18.0,16,10
2951,658,,20.0,27,8
2952,658,3.0,,13,7
2953,658,,,3,10
2954,658,,,27,8
2955,658,,,11,7
2956,659,39.0,,27,9
2957,659,11.0,22.0,32,9
2958,659,20.0,,8,7
2959,660,6.0,,14,9
2960,660,43.0,18.0,1,8
2961,660,14.0,22.0,12,10
2962,660,,18.0,13,7
2963,660,,,27,7
2964,660,48.0,19.0,18,7
2965,661,50.0,,32,7
2966,661,48.0,19.0,16,9
2967,661,36.0,22.0,6,8
2968,661,31.0,,5,7
2969,661,13.0,,1,10
2970,661,21.0,21.0,12,10
2971,662,7.0,,2,10
2972,662,,18.0,1,9
2973,662,40.0,,31,9
2974,663,29.0,,13,9
2975,663,43.0,19.0,1,10
2976,663,13.0,,1,7
2977,664,,20.0,1,8
2978,664,23.0,18.0,13,9
2979,664,48.0,18.0,16,7
2980,664,,22.0,13,8
2981,664,,18.0,16,8
2982,665,13.0,20.0,12,10
2983,665,7.0,,2,9
2984,665,48.0,19.0,16,9
2985,665,23.0,18.0,1,10
2986,665,18.0,20.0,8,10
2987,666,,19.0,1,8
2988,666,18.0,20.0,30,8
2989,666,39.0,21.0,11,9
2990,666,1.0,,1,7
2991,666,18.0,21.0,30,7
2992,666,,,1,9
2993,667,43.0,,15,8
2994,667,,21.0,8,9
2995,667,,18.0,15,9
2996,667,5.0,,1,8
2997,668,4.0,,13,10
2998,668,,,1,7
2999,668,,20.0,31,9
3000,669,32.0,21.0,26,7
3001,669,,22.0,30,10
3002,669,37.0,,3,7
3003,669,25.0,20.0,2,9
3004,669,,18.0,1,9
3005,670,,19.0,15,8
3006,670,35.0,20.0,6,10
3007,670,18.0,,30,7
3008,670,31.0,21.0,5,9
3009,670,,18.0,18,8
3010,670,30.0,,26,8
3011,671,42.0,,1,10
3012,671,23.0,18.0,18,7
3013,671,,,18,7
3014,671,,19.0,18,7
3015,671,44.0,,27,10
3016,671,22.0,,13,10
3017,672,19.0,,8,7
3018,672,36.0,,6,8
3019,672,17.0,21.0,1,7
3020,672,43.0,19.0,15,8
3021,673,,21.0,26,10
3022,673,20.0,,4,7
3023,673,16.0,,1,7
3024,673,39.0,22.0,27,7
3025,674,40.0,22.0,31,10
3026,674,,22.0,1,8
3027,674,,20.0,27,9
3028,674,40.0,22.0,11,9
3029,674,2.0,20.0,13,10
3030,675,47.0,,32,10
3031,675,,,13,7
3032,675,23.0,,13,10
3033,675,45.0,,32,9
3034,675,,,17,10
3035,676,43.0,19.0,18,9
3036,676,48.0,,18,8
3037,676,,18.0,18,10
3038,676,49.0,,17,10
3039,677,11.0,,2,10
3040,677,41.0,,1,10
3041,677,43.0,19.0,18,8
3042,677,17.0,,31,10
3043,678,31.0,,5,9
3044,678,,19.0,16,7
3045,678,34.0,22.0,6,10
3046,678,,19.0,13,9
3047,678,,,29,7
3048,678,48.0,19.0,18,8
3049,679,45.0,,32,7
3050,679,,,16,10
3051,679,18.0,,30,9
3052,679,,,30,8
3053,679,20.0,,30,8
3054,680,,,2,9
3055,680,,,30,7
3056,680,34.0,,26,8
3057,680,5.0,,14,7
3058,680,50.0,22.0,32,10
3059,681,,,3,9
3060,681,23.0,18.0,1,9
3061,681,6.0,,14,10
3062,681,41.0,,1,10
3063,682,48.0,18.0,16,9
3064,682,,,1,8
3065,682,1.0,20.0,1,7
3066,682,37.0,,3,10
3067,682,43.0,19.0,15,7
3068,683,,,29,9
3069,683,27.0,21.0,13,9
3070,683,32.0,,26,9
3071,684,7.0,22.0,3,7
3072,684,9.0,21.0,15,7
3073,684,45.0,22.0,16,9
3074,684,41.0,20.0,15,10
3075,684,30.0,,30,7
3076,684,43.0,18.0,18,8
3077,685,,,27,10
3078,685,,20.0,1,7
3079,685,,21.0,1,9
3080,685,43.0,18.0,18,9
3081,686,1.0,,13,8
3082,686,21.0,21.0,1,9
3083,686,,,13,10
3084,686,23.0,19.0,1,9
3085,687,,21.0,31,7
3086,687,14.0,,1,7
3087,687,10.0,,30,8
3088,687,32.0,,6,10
3089,687,,20.0,1,9
3090,687,49.0,,1,7
3091,688,46.0,22.0,30,8
3092,688,41.0,,15,7
3093,688,,21.0,6,10
3094,688,,,1,10
3095,688,24.0,,13,7
3096,689,,20.0,1,9
3097,689,48.0,18.0,16,7
3098,689,48.0,19.0,18,8
3099,689,23.0,19.0,13,9
3100,689,23.0,18.0,18,10
3101,689,27.0,,27,9
3102,690,40.0,,31,10
3103,690,,,30,8
3104,690,48.0,18.0,16,7
3105,691,,20.0,30,7
3106,691,43.0,18.0,1,8
3107,691,9.0,,4,10
3108,691,,20.0,1,8
3109,691,,,13,9
3110,692,32.0,21.0,26,7
3111,692,49.0,,17,8
3112,692,48.0,20.0,16,9
3113,692,,,13,10
3114,693,6.0,20.0,14,9
3115,693,37.0,,3,9
3116,693,29.0,21.0,26,7
3117,693,40.0,21.0,11,8
3118,694,,19.0,1,9
3119,694,11.0,,2,7
3120,694,14.0,,12,8
3121,694,28.0,,5,8
3122,694,34.0,,6,10
3123,694,,,16,8
3124,695,48.0,19.0,16,9
3125,695,29.0,,26,9
3126,695,43.0,,1,10
3127,695,9.0,,15,7
3128,695,,18.0,1,7
3129,696,,18.0,16,8
3130,696,48.0,19.0,18,10
3131,696,,18.0,1,10
3132,696,14.0,,1,10
3133,696,36.0,22.0,26,8
3134,697,13.0,,1,8
3135,697,46.0,,1,9
3136,697,,20.0,32,9
3137,697,,,12,10
3138,697,,,1,8
3139,698,43.0,18.0,18,8
3140,698,20.0,,4,10
3141,698,22.0,,1,9
3142,698,22.0,22.0,1,8
3143,698,,22.0,14,10
3144,699,15.0,21.0,12,8
3145,699,47.0,22.0,16,8
3146,699,,21.0,2,7
3147,699,16.0,20.0,1,8
3148,699,7.0,,2,9
3149,700,48.0,18.0,18,10
3150,700,14.0,,1,9
3151,700,47.0,,32,10
3152,700,1.0,21.0,1,7
3153,700,33.0,21.0,30,7
3154,701,47.0,22.0,16,8
3155,701,,,18,9
3156,701,40.0,,31,9
3157,702,,21.0,27,9
3158,702,48.0,18.0,16,7
3159,702,3.0,22.0,13,10
3160,702,,22.0,26,10
3161,702,,,8,10
3162,703,50.0,,32,9
3163,703,6.0,22.0,14,8
3164,703,,,2,7
3165,703,23.0,,13,8
3166,703,39.0,,27,10
3167,703,1.0,,13,7
3168,704,48.0,,18,7
3169,704,23.0,18.0,13,9
3170,704,,,12,8
3171,704,,21.0,27,8
3172,705,30.0,,26,8
3173,705,36.0,,26,7
3174,705,25.0,21.0,13,9
3175,705,23.0,19.0,18,8
3176,706,7.0,,3,9
3177,706,,,2,8
3178,706,43.0,18.0,1,7
3179,706,17.0,22.0,1,8
3180,706,10.0,,30,8
3181,707,19.0,,29,7
3182,707,44.0,,27,10
3183,707,23.0,,1,10
3184,707,,19.0,13,10
3185,708,43.0,18.0,18,7
3186,708,43.0,18.0,1,7
3187,708,48.0,19.0,16,7
3188,708,10.0,,4,10
3189,708,,19.0,18,9
3190,708,,,1,7
3191,709,49.0,21.0,1,10
3192,709,16.0,,27,10
3193,709,,18.0,18,9
3194,709,23.0,18.0,13,9
3195,709,14.0,,12,8
3196,710,23.0,,18,9
3197,710,48.0,19.0,16,7
3198,710,15.0,20.0,2,7
3199,711,,,8,7
3200,711,25.0,21.0,13,7
3201,711,,,1,9
3202,711,15.0,,12,8
3203,711,42.0,22.0,15,7
3204,712,19.0,,1,8
3205,712,,,17,9
3206,712,,,30,9
3207,712,9.0,,4,7
3208,712,41.0,20.0,31,8
3209,712,14.0,,12,10
3210,713,48.0,19.0,18,8
3211,713,46.0,20.0,16,8
3212,713,,19.0,18,8
3213,713,,19.0,1,10
3214,713,43.0,18.0,1,8
3215,713,8.0,20.0,2,8
3216,714,41.0,21.0,15,10
3217,714,3.0,21.0,1,7
3218,714,23.0,19.0,13,9
3219,714,,,12,9
3220,715,,19.0,16,10
3221,715,48.0,19.0,18,9
3222,715,,18.0,18,10
3223,715,,,13,10
3224,716,5.0,,1,8
3225,716,43.0,18.0,15,10
3226,716,7.0,,3,10
3227,717,,,12,7
3228,717,45.0,,32,7
3229,717,,19.0,1,7
3230,717,9.0,,4,9
3231,717,43.0,19.0,1,8
3232,718,42.0,22.0,15,7
3233,718,25.0,,13,9
3234,718,41.0,,1,10
3235,718,1.0,20.0,1,10
3236,718,,,2,8
3237,719,18.0,,1,7
3238,719,31.0,,26,10
3239,719,21.0,22.0,12,8
3240,720,44.0,20.0,15,10
3241,720,43.0,18.0,18,8
3242,720,,,27,8
3243,720,49.0,20.0,1,10
3244,720,,,27,8
3245,721,,,1,8
3246,721,10.0,20.0,4,10
3247,721,48.0,,18,9
3248,721,,,13,7
3249,722,41.0,20.0,1,8
3250,722,43.0,,18,7
3251,722,43.0,,1,7
3252,723,,19.0,16,7
3253,723,32.0,,6,8
3254,723,19.0,,8,7
3255,724,30.0,,26,9
3256,724,19.0,,29,10
3257,724,34.0,20.0,26,8
3258,725,47.0,,1,9
3259,725,,,1,8
3260,725,31.0,,26,10
3261,725,46.0,,30,10
3262,725,46.0,21.0,16,7
3263,725,,19.0,1,9
3264,726,23.0,18.0,18,8
3265,726,10.0,,30,8
3266,726,39.0,,27,9
3267,727,,21.0,26,8
3268,727,,20.0,13,8
3269,727,40.0,,31,10
3270,727,23.0,18.0,18,10
3271,727,48.0,18.0,18,7
3272,727,43.0,19.0,1,7
3273,728,8.0,22.0,3,7
3274,728,,20.0,1,9
3275,728,13.0,,1,10
3276,728,,,1,7
3277,728,35.0,21.0,30,9
3278,729,23.0,,18,10
3279,729,48.0,,16,10
3280,729,,18.0,1,7
3281,729,1.0,21.0,1,7
3282,729,45.0,20.0,32,10
3283,729,,19.0,18,10
3284,730,4.0,,13,7
3285,730,23.0,19.0,1,10
3286,730,25.0,,27,9
3287,730,36.0,,6,10
3288,730,38.0,,11,7
3289,730,,,1,9
3290,731,43.0,18.0,1,9
3291,731,20.0,,8,7
3292,731,11.0,20.0,32,8
3293,731,32.0,21.0,26,9
3294,731,30.0,20.0,5,7
3295,731,18.0,22.0,1,10
3296,732,45.0,,32,9
3297,732,18.0,22.0,1,7
3298,732,,,14,9
3299,732,12.0,,2,8
3300,732,,18.0,13,9
3301,733,33.0,,30,8
3302,733,,,27,7
3303,733,3.0,21.0,13,9
3304,733,42.0,,1,10
3305,733,14.0,,1,9
3306,733,43.0,19.0,1,7
3307,734,,21.0,29,7
3308,734,49.0,22.0,17,7
3309,734,43.0,18.0,15,9
3310,734,,18.0,18,7
3311,734,36.0,,6,10
3312,735,,,14,7
3313,735,,,13,8
3314,735,,18.0,18,8
3315,736,,,32,9
3316,736,27.0,,27,10
3317,736,26.0,,2,9
3318,736,43.0,19.0,15,10
3319,737,48.0,18.0,16,7
3320,737,48.0,18.0,18,9
3321,737,22.0,20.0,13,9
3322,737,48.0,19.0,18,10
3323,738,43.0,20.0,1,9
3324,738,38.0,,11,9
3325,738,23.0,19.0,18,9
3326,738,35.0,,30,9
3327,738,2.0,,1,9
3328,739,,18.0,1,8
3329,739,,,1,9
3330,739,37.0,21.0,3,7
3331,739,14.0,,12,10
3332,739,,20.0,26,8
3333,739,,18.0,1,7
3334,740,,22.0,6,7
3335,740,,22.0,1,9
3336,740,23.0,18.0,13,9
3337,740,21.0,20.0,12,7
3338,740,2.0,,13,9
3339,740,16.0,,1,10
3340,741,23.0,18.0,1,10
3341,741,,21.0,2,9
3342,741,40.0,20.0,11,7
3343,741,19.0,,8,10
3344,742,29.0,20.0,26,10
3345,742,33.0,22.0,6,7
3346,742,,,13,7
3347,742,,22.0,17,7
3348,742,18.0,21.0,1,10
3349,743,,,15,9
3350,743,48.0,19.0,16,9
3351,743,34.0,,6,10
3352,744,9.0,22.0,15,9
3353,744,,19.0,18,10
3354,744,,,1,7
3355,744,,,11,7
3356,745,32.0,,26,8
3357,745,44.0,,1,7
3358,745,50.0,20.0,17,8
3359,745,23.0,19.0,1,9
3360,745,,,4,9
3361,746,23.0,18.0,18,7
3362,746,49.0,,17,7
3363,746,22.0,,13,9
3364,747,,,1,10
3365,747,48.0,19.0,16,8
3366,747,48.0,19.0,18,9
3367,748,1.0,21.0,1,8
3368,748,15.0,22.0,12,7
3369,748,48.0,21.0,18,10
3370,748,50.0,,32,8
3371,748,29.0,,5,9
3372,749,14.0,,12,10
3373,749,,19.0,15,8
3374,749,32.0,,26,8
3375,749,1.0,21.0,13,10
3376,750,5.0,20.0,1,10
3377,750,33.0,20.0,6,7
3378,750,18.0,,8,9
3379,751,,19.0,18,7
3380,751,,19.0,18,7
3381,751,22.0,22.0,13,7
3382,751,25.0,22.0,2,9
3383,751,,22.0,1,9
3384,752,19.0,,1,9
3385,752,,22.0,13,8
3386,752,36.0,20.0,6,10
3387,752,11.0,,2,10
3388,753,15.0,,12,7
3389,753,5.0,22.0,1,8
3390,753,,,12,10
3391,753,15.0,21.0,29,7
3392,753,42.0,21.0,15,8
3393,754,17.0,,1,7
3394,754,,22.0,12,10
3395,754,48.0,18.0,16,7
3396,755,23.0,18.0,13,7
3397,755,,,27,9
3398,755,18.0,20.0,30,9
3399,756,48.0,18.0,16,10
3400,756,,,2,8
3401,756,36.0,22.0,26,10
3402,756,42.0,21.0,15,7
3403,757,45.0,21.0,32,7
3404,757,19.0,,8,8
3405,757,19.0,,8,7
3406,757,,,1,9
3407,758,,20.0,2,8
3408,758,32.0,20.0,6,10
3409,758,36.0,22.0,26,7
3410,758,,18.0,13,8
3411,758,23.0,18.0,18,7
3412,758,12.0,,2,10
3413,759,7.0,20.0,2,8
3414,759,6.0,22.0,14,7
3415,759,,18.0,18,8
3416,759,,20.0,26,9
3417,760,7.0,22.0,2,9
3418,760,,22.0,15,7
3419,760,13.0,,1,10
3420,760,18.0,,8,7
3421,760,14.0,,1,9
3422,760,,,13,9
3423,761,,18.0,16,10
3424,761,29.0,,26,7
3425,761,,,6,10
3426,761,40.0,21.0,31,9
3427,762,6.0,,1,7
3428,762,48.0,19.0,18,7
3429,762,,18.0,18,10
3430,762,13.0,,1,10
3431,763,44.0,,1,10
3432,763,23.0,19.0,18,7
3433,763,28.0,,5,7
3434,763,3.0,,1,8
3435,764,29.0,,13,7
3436,764,29.0,,13,10
3437,764,,19.0,13,10
3438,764,,18.0,1,10
3439,764,22.0,,13,9
3440,764,50.0,20.0,17,10
3441,765,7.0,,3,10
3442,765,48.0,,16,9
3443,765,22.0,,13,10
3444,765,27.0,20.0,13,9
3445,765,34.0,,26,8
3446,765,,,26,10
3447,766,27.0,,2,8
3448,766,40.0,22.0,31,10
3449,766,,21.0,27,7
3450,767,43.0,,18,8
3451,767,,19.0,18,9
3452,767,15.0,,12,8
3453,768,22.0,,13,9
3454,768,48.0,18.0,18,7
3455,768,,,27,8
3456,769,26.0,,2,8
3457,769,,22.0,16,10
3458,769,12.0,,29,10
3459,769,47.0,20.0,1,8
3460,769,43.0,19.0,18,9
3461,769,20.0,21.0,30,8
3462,770,23.0,18.0,13,10
3463,770,20.0,20.0,4,8
3464,770,39.0,,27,9
3465,771,26.0,,2,9
3466,771,,22.0,1,7
3467,771,24.0,,1,8
3468,771,43.0,19.0,1,10
3469,771,,,1,7
3470,772,43.0,18.0,1,8
3471,772,19.0,,1,9
3472,772,,21.0,16,10
3473,772,39.0,,11,10
3474,772,,,12,8
3475,773,16.0,20.0,27,7
3476,773,21.0,,1,7
3477,773,,,1,9
3478,773,,,12,7
3479,773,37.0,,27,10
3480,773,,,1,8
3481,774,,,1,10
3482,774,,,8,10
3483,774,1.0,22.0,13,9
3484,774,3.0,20.0,1,9
3485,774,,20.0,27,10
3486,775,,22.0,12,9
3487,775,25.0,22.0,27,9
3488,775,,20.0,13,10
3489,776,,,12,10
3490,776,,20.0,26,10
3491,776,33.0,,6,10
3492,776,43.0,18.0,1,9
3493,777,27.0,20.0,2,10
3494,777,7.0,,3,7
3495,777,46.0,21.0,1,7
3496,777,48.0,20.0,18,9
3497,778,40.0,,11,7
3498,778,23.0,18.0,13,7
3499,778,14.0,21.0,12,7
3500,778,35.0,,6,10
3501,779,,,14,8
3502,779,34.0,20.0,26,9
3503,779,23.0,18.0,18,8
3504,779,,,13,10
3505,779,,,27,8
3506,779,,,11,9
3507,780,,21.0,2,10
3508,780,38.0,22.0,27,8
3509,780,11.0,,2,7
3510,781,43.0,19.0,1,9
3511,781,23.0,18.0,13,10
3512,781,36.0,20.0,26,7
3513,781,13.0,,12,8
3514,781,24.0,20.0,1,9
3515,782,23.0,19.0,13,10
3516,782,48.0,19.0,16,7
3517,782,13.0,20.0,1,7
3518,782,48.0,,18,9
3519,782,7.0,,2,9
3520,783,,21.0,5,9
3521,783,,,32,7
3522,783,23.0,,1,10
3523,784,4.0,,13,9
3524,784,6.0,20.0,14,7
3525,784,41.0,21.0,15,10
3526,784,43.0,,15,10
3527,784,33.0,20.0,30,7
3528,784,41.0,20.0,15,10
3529,785,,22.0,1,7
3530,785,39.0,21.0,27,7
3531,785,25.0,22.0,27,7
3532,785,32.0,20.0,6,9
3533,785,6.0,,1,8
3534,786,,,4,7
3535,786,,21.0,4,8
3536,786,,18.0,18,10
3537,787,,21.0,8,7
3538,787,,21.0,12,9
3539,787,15.0,,29,7
3540,787,30.0,,30,9
3541,787,12.0,,2,9
3542,787,31.0,21.0,5,8
3543,788,,18.0,16,7
3544,788,18.0,21.0,1,10
3545,788,40.0,21.0,31,9
3546,788,,21.0,1,8
3547,788,16.0,,12,9
3548,789,42.0,,1,9
3549,789,29.0,,13,7
3550,789,48.0,19.0,16,7
3551,789,20.0,,8,10
3552,789,35.0,22.0,30,9
3553,790,43.0,19.0,1,8
3554,790,,,13,10
3555,790,26.0,21.0,29,7
3556,790,7.0,,3,7
3557,790,,19.0,15,7
3558,790,29.0,21.0,13,9
3559,791,43.0,,15,7
3560,791,21.0,,1,10
3561,791,,19.0,16,9
3562,792,18.0,,1,9
3563,792,16.0,20.0,27,8
3564,792,32.0,,6,9
3565,792,9.0,,15,7
3566,792,43.0,,15,8
3567,793,49.0,21.0,17,8
3568,793,2.0,,1,8
3569,793,,22.0,6,8
3570,794,43.0,,15,8
3571,794,43.0,18.0,18,9
3572,794,19.0,21.0,8,8
3573,794,10.0,22.0,4,10
3574,794,50.0,21.0,32,7
3575,794,50.0,,17,10
3576,795,28.0,,5,10
3577,795,36.0,,26,10
3578,795,39.0,21.0,11,9
3579,795,43.0,19.0,1,8
3580,795,4.0,,13,8
3581,796,,,13,8
3582,796,14.0,,1,9
3583,796,11.0,20.0,32,10
3584,796,49.0,,1,10
3585,797,43.0,19.0,15,8
3586,797,16.0,,12,7
3587,797,35.0,,6,8
3588,797,48.0,18.0,16,10
3589,798,,20.0,29,10
3590,798,23.0,18.0,18,8
3591,798,23.0,18.0,18,9
3592,798,35.0,,30,9
3593,799,12.0,22.0,29,10
3594,799,22.0,,13,10
3595,799,50.0,,17,7
3596,799,16.0,,27,9
3597,799,43.0,20.0,1,8
3598,800,,19.0,1,8
3599,800,34.0,21.0,6,7
3600,800,50.0,21.0,17,7
3601,801,,21.0,30,8
3602,801,35.0,,6,9
3603,801,23.0,19.0,18,10
3604,801,45.0,,32,9
3605,801,26.0,22.0,8,8
3606,801,,20.0,31,9
3607,802,6.0,20.0,14,7
3608,802,46.0,,1,10
3609,802,48.0,19.0,16,10
3610,802,,21.0,2,8
3611,803,29.0,20.0,26,10
3612,803,,,26,9
3613,803,50.0,,32,7
3614,803,43.0,22.0,15,8
3615,803,,,8,9
3616,804,,,29,10
3617,804,,19.0,16,9
3618,804,43.0,18.0,18,10
3619,804,,20.0,11,9
3620,804,43.0,18.0,18,9
3621,805,43.0,18.0,18,9
3622,805,30.0,,5,7
3623,805,43.0,18.0,15,9
3624,805,,,13,9
3625,805,,22.0,1,9
3626,806,48.0,18.0,16,7
3627,806,,20.0,12,7
3628,806,10.0,20.0,30,10
3629,806,,18.0,16,9
3630,806,49.0,,17,8
3631,806,17.0,,8,8
3632,807,39.0,,11,7
3633,807,15.0,,12,10
3634,807,28.0,,5,9
3635,807,22.0,,13,10
3636,808,,,32,7
3637,808,48.0,19.0,16,10
3638,808,,,8,8
3639,808,,,16,7
3640,808,26.0,22.0,8,9
3641,809,27.0,21.0,27,10
3642,809,40.0,,31,9
3643,809,23.0,19.0,1,10
3644,809,9.0,22.0,4,8
3645,809,,21.0,2,8
3646,809,,,3,10
3647,810,40.0,22.0,11,10
3648,810,,22.0,1,8
3649,810,7.0,20.0,3,8
3650,810,2.0,22.0,1,9
3651,811,,18.0,1,9
3652,811,31.0,21.0,26,8
3653,811,3.0,21.0,1,10
3654,811,1.0,21.0,1,10
3655,812,11.0,,32,7
3656,812,32.0,22.0,26,10
3657,812,21.0,22.0,1,8
3658,812,,,8,8
3659,812,,20.0,6,9
3660,813,40.0,,11,7
3661,813,,20.0,26,7
3662,813,4.0,,13,7
3663,814,10.0,,30,7
3664,814,,,6,7
3665,814,43.0,19.0,18,8
3666,814,41.0,,15,8
3667,815,34.0,,26,8
3668,815,23.0,19.0,1,7
3669,815,29.0,22.0,13,7
3670,815,30.0,,30,10
3671,815,34.0,,26,7
3672,815,7.0,,2,8
3673,816,,21.0,2,8
3674,816,43.0,,15,7
3675,816,,,5,10
3676,817,2.0,20.0,13,10
3677,817,19.0,,1,8
3678,817,,21.0,16,9
3679,817,3.0,,1,7
3680,818,46.0,,30,8
3681,818,47.0,,32,7
3682,818,46.0,,16,8
3683,818,48.0,18.0,18,10
3684,818,,,13,9
3685,819,25.0,,27,10
3686,819,,,29,10
3687,819,18.0,,1,7
3688,819,,,15,9
3689,819,37.0,,3,7
3690,820,38.0,,11,10
3691,820,26.0,20.0,29,7
3692,820,48.0,19.0,16,10
3693,820,37.0,,27,10
3694,820,17.0,,31,8
3695,820,,,13,8
3696,821,5.0,,1,8
3697,821,,22.0,5,8
3698,821,,18.0,16,7
3699,821,37.0,20.0,3,8
3700,821,,19.0,15,7
3701,821,25.0,,27,7
3702,822,47.0,,16,7
3703,822,,21.0,15,10
3704,822,1.0,,1,8
3705,822,12.0,,29,7
3706,822,23.0,19.0,13,7
3707,823,,21.0,12,10
3708,823,35.0,20.0,6,9
3709,823,,20.0,6,9
3710,824,41.0,,15,9
3711,824,3.0,22.0,1,10
3712,824,43.0,,18,7
3713,824,,,1,10
3714,824,37.0,21.0,27,8
3715,825,42.0,22.0,15,9
3716,825,,21.0,16,8
3717,825,39.0,,27,10
3718,825,32.0,,26,10
3719,826,,22.0,17,8
3720,826,6.0,,14,10
3721,826,,21.0,26,7
3722,826,26.0,21.0,2,7
3723,826,,,14,8
3724,826,,,26,7
3725,827,47.0,,16,8
3726,827,,,2,7
3727,827,43.0,18.0,18,10
3728,827,,18.0,18,8
3729,828,23.0,19.0,13,10
3730,828,48.0,19.0,16,9
3731,828,2.0,,13,8
3732,828,,19.0,18,8
3733,828,30.0,,5,10
3734,829,,,26,10
3735,829,43.0,19.0,15,8
3736,829,,,30,7
3737,829,,,26,9
3738,829,,,14,7
3739,830,48.0,18.0,16,7
3740,830,,,6,8
3741,830,23.0,18.0,1,7
3742,830,48.0,19.0,18,10
3743,831,9.0,,15,7
3744,831,,,15,7
3745,831,12.0,,2,8
3746,831,9.0,21.0,15,8
3747,831,43.0,19.0,1,10
3748,832,,,2,8
3749,832,35.0,,6,10
3750,832,,19.0,18,9
3751,832,26.0,,2,10
3752,832,,22.0,26,7
3753,833,,20.0,18,9
3754,833,32.0,,6,7
3755,833,48.0,19.0,16,8
3756,833,33.0,,6,7
3757,833,42.0,,1,9
3758,833,41.0,21.0,15,8
3759,834,48.0,,18,8
3760,834,,19.0,1,8
3761,834,19.0,21.0,29,8
3762,834,11.0,21.0,32,10
3763,835,34.0,,6,8
3764,835,21.0,,1,7
3765,835,25.0,,13,8
3766,836,24.0,,13,9
3767,836,,18.0,16,8
3768,836,48.0,18.0,18,10
3769,836,23.0,19.0,18,9
3770,837,,,11,7
3771,837,50.0,,32,8
3772,837,,18.0,18,9
3773,837,,,13,8
3774,837,,,6,10
3775,837,40.0,,31,10
3776,838,,,1,10
3777,838,43.0,19.0,15,10
3778,838,45.0,22.0,32,9
3779,839,,18.0,18,8
3780,839,43.0,19.0,15,10
3781,839,17.0,,1,7
3782,840,,,27,8
3783,840,29.0,,13,8
3784,840,37.0,,27,10
3785,841,1.0,,13,9
3786,841,,20.0,30,10
3787,841,21.0,,1,8
3788,841,48.0,19.0,18,9
3789,841,43.0,18.0,1,10
3790,842,6.0,,14,9
3791,842,26.0,,8,10
3792,842,49.0,,17,8
3793,842,5.0,22.0,1,9
3794,842,12.0,,29,8
3795,843,23.0,18.0,13,10
3796,843,19.0,,8,10
3797,843,,,32,10
3798,843,48.0,18.0,18,9
3799,843,38.0,,11,9
3800,844,13.0,,12,8
3801,844,,,31,10
3802,844,5.0,,14,8
3803,845,23.0,18.0,13,7
3804,845,25.0,,13,9
3805,845,,21.0,31,9
3806,845,42.0,20.0,1,7
3807,846,12.0,21.0,29,10
3808,846,39.0,20.0,27,7
3809,846,,19.0,18,9
3810,846,,,1,9
3811,846,45.0,,16,10
3812,847,26.0,22.0,8,10
3813,847,23.0,,18,10
3814,847,,18.0,18,7
3815,847,31.0,,26,8
3816,847,46.0,,16,8
3817,847,23.0,18.0,13,8
3818,848,,22.0,1,10
3819,848,49.0,,1,10
3820,848,6.0,,14,7
3821,849,4.0,20.0,13,9
3822,849,,20.0,6,9
3823,849,16.0,,12,7
3824,849,23.0,19.0,1,7
3825,850,47.0,21.0,32,8
3826,850,,,3,7
3827,850,23.0,18.0,18,8
3828,850,43.0,19.0,15,10
3829,851,14.0,,12,9
3830,851,23.0,18.0,18,9
3831,851,,18.0,13,9
3832,852,18.0,,1,8
3833,852,48.0,18.0,18,7
3834,852,,22.0,1,7
3835,852,9.0,,15,7
3836,853,48.0,18.0,16,10
3837,853,,19.0,18,7
3838,853,,,26,9
3839,853,47.0,,32,7
3840,853,,,1,9
3841,854,23.0,19.0,1,9
3842,854,,19.0,1,10
3843,854,,,30,10
3844,855,36.0,,6,8
3845,855,30.0,,30,7
3846,855,19.0,,29,8
3847,855,42.0,21.0,15,8
3848,855,21.0,,12,10
3849,856,24.0,20.0,13,8
3850,856,,21.0,1,7
3851,856,25.0,21.0,27,10
3852,856,,,13,7
3853,856,,,3,7
3854,856,,,18,7
3855,857,3.0,22.0,13,7
3856,857,,,1,10
3857,857,11.0,,2,9
3858,857,48.0,18.0,16,8
3859,857,,,27,7
3860,857,7.0,,3,8
3861,858,30.0,,30,7
3862,858,4.0,,13,8
3863,858,,20.0,18,9
3864,859,,,2,8
3865,859,33.0,,6,7
3866,859,,18.0,13,8
3867,859,49.0,21.0,1,9
3868,859,7.0,20.0,2,9
3869,860,24.0,,1,7
3870,860,43.0,19.0,18,9
3871,860,19.0,21.0,1,7
3872,860,37.0,21.0,27,9
3873,861,,,12,10
3874,861,5.0,,14,10
3875,861,,20.0,13,10
3876,862,48.0,19.0,18,8
3877,862,41.0,,1,7
3878,862,50.0,20.0,32,7
3879,863,,21.0,1,10
3880,863,,,26,10
3881,863,1.0,,13,7
3882,864,3.0,,13,9
3883,864,47.0,21.0,1,8
3884,864,44.0,,15,8
3885,864,,,14,7
3886,864,49.0,,17,8
3887,865,,21.0,12,10
3888,865,43.0,19.0,18,8
3889,865,,19.0,18,7
3890,866,20.0,,4,7
3891,866,,22.0,27,8
3892,866,33.0,,30,7
3893,867,5.0,22.0,1,9
3894,867,,,26,9
3895,867,15.0,,29,9
3896,867,20.0,,4,7
3897,867,1.0,22.0,13,10
3898,868,,,29,10
3899,868,,20.0,31,10
3900,868,,,11,8
3901,868,41.0,,15,7
3902,868,25.0,,2,9
3903,869,37.0,,27,9
3904,869,48.0,19.0,18,10
3905,869,6.0,,1,8
3906,869,48.0,19.0,18,7
3907,869,40.0,,31,8
3908,870,16.0,,27,8
3909,870,22.0,,13,7
3910,870,,20.0,5,10
3911,870,,22.0,2,10
3912,871,28.0,,26,9
3913,871,12.0,20.0,29,7
3914,871,29.0,,26,10
3915,871,23.0,18.0,18,7
3916,871,13.0,,12,10
3917,871,8.0,,2,7
3918,872,23.0,18.0,18,9
3919,872,,,26,8
3920,872,5.0,,1,7
3921,872,22.0,,13,8
3922,872,43.0,19.0,15,9
3923,872,43.0,19.0,15,7
3924,873,48.0,19.0,16,7
3925,873,,19.0,16,9
3926,873,,19.0,18,9
3927,874,23.0,18.0,18,10
3928,874,,20.0,18,7
3929,874,23.0,19.0,13,10
3930,874,23.0,,13,9
3931,874,,20.0,30,10
3932,875,44.0,,1,7
3933,875,2.0,,13,9
3934,875,,22.0,18,7
3935,876,,21.0,12,10
3936,876,,20.0,11,10
3937,876,20.0,22.0,4,7
3938,876,23.0,18.0,18,9
3939,876,35.0,20.0,6,10
3940,877,14.0,22.0,1,10
3941,877,42.0,21.0,15,10
3942,877,4.0,,13,9
3943,878,8.0,,2,8
3944,878,30.0,,5,8
3945,878,,21.0,1,7
3946,878,16.0,,1,7
3947,878,48.0,19.0,16,9
3948,878,35.0,,6,10
3949,879,48.0,,16,9
3950,879,,22.0,1,10
3951,879,,20.0,2,9
3952,879,48.0,18.0,16,8
3953,879,6.0,20.0,1,10
3954,880,31.0,21.0,26,7
3955,880,38.0,22.0,11,10
3956,880,,,26,10
3957,880,19.0,,1,10
3958,880,,18.0,13,8
3959,881,43.0,18.0,18,10
3960,881,13.0,22.0,12,10
3961,881,25.0,,2,7
3962,881,44.0,21.0,1,10
3963,881,,,2,7
3964,881,,,17,9
3965,882,20.0,,4,9
3966,882,,19.0,18,8
3967,882,43.0,18.0,1,8
3968,882,40.0,,11,9
3969,883,48.0,18.0,16,8
3970,883,50.0,20.0,17,10
3971,883,27.0,,2,10
3972,884,,,11,7
3973,884,26.0,20.0,2,8
3974,884,23.0,22.0,18,7
3975,884,22.0,,13,10
3976,885,47.0,,16,8
3977,885,42.0,,15,10
3978,885,43.0,19.0,15,8
3979,885,48.0,18.0,18,10
3980,885,14.0,20.0,1,8
3981,885,40.0,,11,10
3982,886,27.0,21.0,27,8
3983,886,,,1,9
3984,886,,22.0,6,8
3985,887,27.0,22.0,13,9
3986,887,18.0,,8,10
3987,887,50.0,21.0,32,9
3988,887,23.0,,13,8
3989,887,,,17,7
3990,887,,,2,9
3991,888,10.0,,4,7
3992,888,44.0,22.0,27,8
3993,888,24.0,,1,9
3994,888,43.0,,15,7
3995,889,44.0,,27,7
3996,889,40.0,,11,7
3997,889,,18.0,15,9
3998,889,1.0,20.0,1,7
3999,889,,,13,8
4000,890,,22.0,13,8
4001,890,38.0,20.0,27,7
4002,890,,,1,8
4003,890,23.0,18.0,18,10
4004,891,48.0,18.0,16,9
4005,891,46.0,,16,7
4006,891,,21.0,17,9
4007,891,30.0,,5,10
4008,891,7.0,,3,7
4009,891,43.0,19.0,18,10
4010,892,5.0,,1,7
4011,892,30.0,,5,10
4012,892,23.0,20.0,13,7
4013,892,27.0,22.0,27,9
4014,892,30.0,20.0,5,10
4015,892,38.0,20.0,11,7
4016,893,6.0,,1,8
4017,893,24.0,,13,8
4018,893,10.0,,4,7
4019,893,,,6,7
4020,893,4.0,21.0,13,9
4021,894,7.0,,2,8
4022,894,21.0,22.0,12,10
4023,894,32.0,,6,7
4024,894,27.0,,27,9
4025,895,12.0,20.0,29,7
4026,895,43.0,18.0,1,10
4027,895,7.0,,3,8
4028,895,,,16,7
4029,895,23.0,19.0,1,9
4030,896,43.0,18.0,15,9
4031,896,,,1,7
4032,896,33.0,,6,10
4033,896,25.0,,27,9
4034,896,29.0,21.0,26,8
4035,896,,21.0,12,8
4036,897,22.0,,13,9
4037,897,23.0,18.0,13,7
4038,897,48.0,,16,10
4039,897,,19.0,1,9
4040,898,,,3,8
4041,898,15.0,,2,7
4042,898,3.0,20.0,13,7
4043,899,,20.0,6,7
4044,899,,,6,9
4045,899,24.0,21.0,1,8
4046,899,,22.0,11,7
4047,899,,,17,7
4048,899,18.0,21.0,30,9
4049,900,,19.0,15,10
4050,900,,18.0,1,7
4051,900,50.0,,32,10
4052,900,7.0,,3,8
4053,900,,20.0,13,7
4054,901,,20.0,27,10
4055,901,23.0,18.0,18,8
4056,901,43.0,19.0,1,9
4057,901,23.0,19.0,18,8
4058,901,30.0,21.0,5,9
4059,902,,,30,8
4060,902,40.0,22.0,11,7
4061,902,43.0,,18,8
4062,903,43.0,,18,7
4063,903,,,6,7
4064,903,23.0,19.0,13,10
4065,903,14.0,,12,10
4066,903,35.0,20.0,6,8
4067,903,7.0,21.0,3,10
4068,904,16.0,,1,10
4069,904,,,30,7
4070,904,5.0,,14,8
4071,904,,18.0,18,7
4072,904,14.0,,12,8
4073,905,48.0,18.0,16,10
4074,905,,20.0,15,8
4075,905,,22.0,2,9
4076,905,19.0,22.0,29,8
4077,905,,,12,8
4078,906,43.0,22.0,18,7
4079,906,29.0,,13,8
4080,906,1.0,21.0,13,7
4081,906,,,1,7
4082,906,,,8,9
4083,906,,21.0,16,10
4084,907,3.0,,13,9
4085,907,36.0,,26,9
4086,907,,18.0,16,8
4087,907,,20.0,6,8
4088,908,37.0,22.0,3,9
4089,908,,,26,10
4090,908,43.0,,15,10
4091,908,10.0,,30,8
4092,908,5.0,,14,8
4093,909,22.0,,13,10
4094,909,8.0,,3,7
4095,909,15.0,22.0,12,9
4096,910,48.0,18.0,16,10
4097,910,48.0,19.0,18,7
4098,910,48.0,19.0,18,7
4099,911,,,6,7
4100,911,27.0,22.0,13,8
4101,911,48.0,,18,10
4102,911,,,27,10
4103,911,48.0,20.0,18,7
4104,911,25.0,21.0,2,9
4105,912,27.0,22.0,13,8
4106,912,36.0,,6,8
4107,912,6.0,,1,9
4108,913,14.0,20.0,12,9
4109,913,48.0,,16,7
4110,913,23.0,18.0,13,9
4111,913,12.0,21.0,29,10
4112,914,,21.0,32,8
4113,914,23.0,19.0,13,9
4114,914,18.0,22.0,30,9
4115,914,39.0,20.0,27,8
4116,914,15.0,20.0,29,7
4117,914,9.0,,4,10
4118,915,11.0,21.0,32,7
4119,915,44.0,22.0,1,10
4120,915,30.0,,26,9
4121,915,,,1,8
4122,916,13.0,22.0,1,7
4123,916,43.0,18.0,18,7
4124,916,21.0,22.0,12,9
4125,916,,,1,9
4126,916,3.0,,13,7
4127,916,8.0,,2,10
4128,917,48.0,18.0,16,9
4129,917,34.0,21.0,6,7
4130,917,,,3,7
4131,918,,18.0,18,9
4132,918,23.0,19.0,13,7
4133,918,42.0,,15,7
4134,918,,,32,8
4135,918,16.0,,1,10
4136,918,39.0,,27,9
4137,919,8.0,,2,7
4138,919,,19.0,18,8
4139,919,48.0,19.0,16,7
4140,920,,,2,7
4141,920,43.0,18.0,18,7
4142,920,33.0,,30,9
4143,920,,,1,9
4144,920,25.0,21.0,27,10
4145,920,28.0,,26,10
4146,921,7.0,20.0,3,10
4147,921,43.0,18.0,1,8
4148,921,16.0,20.0,12,7
4149,921,19.0,,8,10
4150,922,30.0,20.0,5,7
4151,922,27.0,,27,9
4152,922,48.0,19.0,18,8
4153,922,,21.0,1,8
4154,922,,22.0,13,8
4155,923,,20.0,1,8
4156,923,10.0,,30,7
4157,923,7.0,,2,10
4158,923,14.0,,12,9
4159,923,23.0,19.0,13,8
4160,924,2.0,,13,7
4161,924,42.0,,1,7
4162,924,,18.0,18,10
4163,924,34.0,,6,10
4164,925,,19.0,1,8
4165,925,43.0,,1,7
4166,925,39.0,,27,9
4167,925,18.0,,30,10
4168,925,34.0,,6,9
4169,925,,,27,9
4170,926,36.0,,26,9
4171,926,,,27,8
4172,926,43.0,21.0,15,10
4173,926,,22.0,3,8
4174,926,,,17,9
4175,927,,,6,10
4176,927,2.0,,13,8
4177,927,1.0,,1,7
4178,927,43.0,21.0,15,7
4179,927,43.0,19.0,15,7
4180,927,,,27,7
4181,928,42.0,22.0,15,7
4182,928,33.0,,6,8
4183,928,34.0,21.0,6,7
4184,928,1.0,21.0,13,7
4185,929,,21.0,3,8
4186,929,25.0,,27,7
4187,929,20.0,,30,10
4188,929,7.0,,3,8
4189,929,2.0,20.0,1,7
4190,930,23.0,19.0,18,8
4191,930,,,1,7
4192,930,42.0,,1,9
4193,930,32.0,,26,8
4194,930,50.0,,17,9
4195,930,23.0,19.0,13,8
4196,931,43.0,18.0,18,10
4197,931,43.0,18.0,18,9
4198,931,,,12,8
4199,931,41.0,22.0,31,9
4200,931,15.0,,12,9
4201,932,,19.0,1,8
4202,932,28.0,21.0,26,9
4203,932,43.0,19.0,15,9
4204,933,40.0,,11,10
4205,933,44.0,,15,8
4206,933,43.0,19.0,18,8
4207,933,,22.0,3,10
4208,934,48.0,19.0,16,7
4209,934,,18.0,18,7
4210,934,47.0,,32,7
4211,934,4.0,,1,8
4212,934,17.0,20.0,8,9
4213,934,12.0,22.0,2,10
4214,935,27.0,,13,7
4215,935,35.0,,30,9
4216,935,43.0,18.0,15,7
4217,935,48.0,19.0,16,10
4218,935,23.0,19.0,1,7
4219,936,32.0,,6,9
4220,936,23.0,18.0,13,7
4221,936,25.0,,13,10
4222,936,42.0,21.0,1,10
4223,936,42.0,21.0,1,10
4224,936,43.0,,18,8
4225,937,,21.0,8,7
4226,937,47.0,22.0,16,8
4227,937,,22.0,30,9
4228,937,23.0,20.0,13,8
4229,937,,21.0,27,8
4230,937,9.0,,15,7
4231,938,19.0,21.0,8,9
4232,938,50.0,22.0,17,7
4233,938,,20.0,31,10
4234,938,48.0,21.0,18,7
4235,938,,,27,10
4236,939,48.0,19.0,16,8
4237,939,9.0,,15,7
4238,939,,18.0,1,7
4239,939,,,30,7
4240,939,40.0,,31,10
4241,940,,,1,10
4242,940,30.0,21.0,30,8
4243,940,43.0,18.0,1,9
4244,940,,19.0,1,9
4245,940,,21.0,14,8
4246,941,,19.0,16,10
4247,941,23.0,18.0,13,9
4248,941,,,15,8
4249,941,,18.0,18,7
4250,941,,19.0,1,10
4251,942,26.0,,29,9
4252,942,,21.0,32,9
4253,942,,,32,9
4254,943,14.0,20.0,12,10
4255,943,,22.0,26,7
4256,943,,,16,7
4257,944,33.0,,6,9
4258,944,43.0,19.0,18,9
4259,944,41.0,,15,9
4260,945,33.0,,6,9
4261,945,48.0,19.0,16,9
4262,945,29.0,22.0,26,9
4263,945,,,17,8
4264,945,43.0,18.0,15,10
4265,945,,18.0,18,7
4266,946,,21.0,17,10
4267,946,,,32,10
4268,946,48.0,20.0,16,8
4269,946,,21.0,26,10
4270,946,2.0,,13,10
4271,947,43.0,18.0,15,8
4272,947,23.0,21.0,1,7
4273,947,48.0,19.0,16,10
4274,947,46.0,21.0,1,8
4275,948,7.0,22.0,3,9
4276,948,15.0,,2,9
4277,948,,,13,8
4278,948,,18.0,16,9
4279,948,,21.0,1,7
4280,948,43.0,19.0,18,9
4281,949,,19.0,13,9
4282,949,44.0,21.0,1,8
4283,949,,21.0,1,9
4284,949,38.0,22.0,11,9
4285,949,,,29,10
4286,949,,,5,8
4287,950,16.0,22.0,1,9
4288,950,29.0,,26,8
4289,950,14.0,,1,7
4290,950,,22.0,1,8
4291,951,,22.0,2,9
4292,951,,,1,7
4293,951,,19.0,1,9
4294,951,23.0,18.0,1,10
4295,951,25.0,,13,9
4296,951,25.0,21.0,2,9
4297,952,,,30,9
4298,952,16.0,,12,9
4299,952,12.0,,2,10
4300,952,,22.0,30,10
4301,952,,20.0,26,9
4302,953,24.0,20.0,1,8
4303,953,43.0,22.0,15,9
4304,953,5.0,20.0,1,10
4305,954,,21.0,1,10
4306,954,50.0,20.0,32,8
4307,954,48.0,19.0,18,10
4308,954,1.0,,1,8
4309,954,42.0,,1,9
4310,954,,,26,7
4311,955,27.0,20.0,2,10
4312,955,48.0,18.0,18,10
4313,955,5.0,,14,10
4314,955,29.0,,26,7
4315,955,,,27,8
4316,956,44.0,,15,9
4317,956,48.0,21.0,18,9
4318,956,,,30,10
4319,956,43.0,19.0,15,7
4320,957,,22.0,5,7
4321,957,,22.0,31,10
4322,957,32.0,21.0,6,8
4323,958,40.0,,11,7
4324,958,32.0,20.0,26,7
4325,958,,,1,7
4326,959,23.0,18.0,13,7
4327,959,,,31,8
4328,959,,,3,7
4329,959,,,15,10
4330,959,25.0,20.0,27,10
4331,960,,20.0,18,10
4332,960,31.0,,5,9
4333,960,1.0,,1,9
4334,960,,21.0,1,7
4335,960,43.0,19.0,15,9
4336,961,50.0,,32,7
4337,961,,,4,8
4338,961,22.0,,13,7
4339,962,,20.0,26,10
4340,962,22.0,21.0,1,10
4341,962,,22.0,15,10
4342,963,21.0,21.0,12,8
4343,963,23.0,18.0,1,9
4344,963,,,29,9
4345,963,,,11,9
4346,964,39.0,,11,7
4347,964,,18.0,13,8
4348,964,6.0,,1,10
4349,964,32.0,20.0,6,8
4350,964,3.0,21.0,13,7
4351,964,32.0,,26,9
4352,965,,,1,10
4353,965,47.0,,1,8
4354,965,43.0,19.0,1,9
4355,965,15.0,20.0,2,9
4356,966,16.0,,1,8
4357,966,,18.0,18,7
4358,966,3.0,,1,7
4359,966,,,5,7
4360,966,,19.0,18,9
4361,966,30.0,20.0,30,8
4362,967,30.0,,30,8
4363,967,21.0,,1,9
4364,967,34.0,22.0,6,10
4365,967,5.0,,14,7
4366,967,4.0,20.0,13,7
4367,968,41.0,22.0,31,10
4368,968,4.0,22.0,1,7
4369,968,,,1,8
4370,968,,21.0,27,8
4371,968,35.0,22.0,30,10
4372,968,,,13,9
4373,969,15.0,,2,8
4374,969,,22.0,26,9
4375,969,48.0,19.0,16,9
4376,969,32.0,,26,10
4377,969,20.0,,8,9
4378,969,28.0,22.0,5,7
4379,970,,,1,7
4380,970,14.0,21.0,12,10
4381,970,50.0,20.0,17,9
4382,970,13.0,,1,7
4383,970,8.0,22.0,2,8
4384,970,,20.0,1,7
4385,971,,,18,8
4386,971,26.0,21.0,8,10
4387,971,8.0,,3,8
4388,971,44.0,,15,8
4389,971,40.0,20.0,11,7
4390,972,43.0,18.0,18,7
4391,972,,18.0,18,9
4392,972,,,18,8
4393,972,,,6,9
4394,972,12.0,22.0,2,7
4395,972,6.0,,14,7
4396,973,31.0,,5,8
4397,973,46.0,,1,8
4398,973,,19.0,13,9
4399,973,,,13,9
4400,973,23.0,18.0,13,10
4401,974,38.0,,11,8
4402,974,27.0,22.0,13,7
4403,974,,,13,8
4404,974,,20.0,1,7
4405,974,,20.0,1,9
4406,974,43.0,19.0,1,7
4407,975,23.0,19.0,13,7
4408,975,35.0,,30,10
4409,975,48.0,18.0,18,9
4410,975,,19.0,18,7
4411,975,,19.0,18,8
4412,975,,18.0,15,8
4413,976,15.0,,2,8
4414,976,17.0,,8,9
4415,976,,20.0,26,10
4416,976,48.0,,16,9
4417,976,2.0,,1,9
4418,976,35.0,,30,8
4419,977,,20.0,12,9
4420,977,22.0,22.0,13,9
4421,977,28.0,21.0,5,10
4422,977,,18.0,16,10
4423,977,48.0,19.0,16,9
4424,978,,18.0,15,9
4425,978,,,30,10
4426,978,,19.0,18,8
4427,978,,,17,10
4428,978,2.0,21.0,1,9
4429,979,7.0,,2,8
4430,979,,19.0,18,7
4431,979,7.0,20.0,3,7
4432,979,3.0,,1,7
4433,979,41.0,20.0,1,10
4434,980,25.0,22.0,27,9
4435,980,40.0,,31,7
4436,980,41.0,,31,9
4437,980,39.0,,27,9
4438,980,40.0,20.0,11,10
4439,981,43.0,18.0,18,9
4440,981,4.0,20.0,1,7
4441,981,14.0,,12,8
4442,982,48.0,18.0,18,7
4443,982,43.0,18.0,18,9
4444,982,23.0,19.0,1,9
4445,982,23.0,19.0,18,9
4446,982,36.0,22.0,26,7
4447,982,,18.0,18,9
4448,983,,,1,9
4449,983,,19.0,16,10
4450,983,24.0,,1,9
4451,984,49.0,,1,8
4452,984,,,12,9
4453,984,23.0,18.0,1,9
4454,984,43.0,18.0,1,9
4455,984,49.0,21.0,17,10
4456,985,37.0,,27,7
4457,985,2.0,,13,8
4458,985,,,14,9
4459,985,2.0,22.0,1,7
4460,985,,,16,8
4461,985,,20.0,17,9
4462,986,34.0,20.0,26,10
4463,986,48.0,22.0,18,8
4464,986,48.0,18.0,18,8
4465,987,41.0,,15,7
4466,987,,,2,10
4467,987,43.0,21.0,1,9
4468,988,,,27,7
4469,988,,18.0,18,9
4470,988,40.0,,31,7
4471,988,39.0,,27,8
4472,988,20.0,,30,9
4473,989,,,13,9
4474,989,,19.0,16,7
4475,989,49.0,,17,8
4476,989,15.0,22.0,12,8
4477,989,24.0,,1,8
4478,989,48.0,19.0,18,7
4479,990,29.0,,26,7
4480,990,23.0,18.0,13,10
4481,990,18.0,22.0,30,8
4482,990,,,15,7
4483,990,43.0,18.0,18,10
4484,991,48.0,19.0,16,8
4485,991,14.0,,12,9
4486,991,,,1,8
4487,991,20.0,,4,8
4488,992,,,1,7
4489,992,48.0,,16,9
4490,992,33.0,,30,9
4491,992,48.0,18.0,18,8
4492,992,48.0,20.0,18,9
4493,993,,,26,10
4494,993,42.0,20.0,1,7
4495,993,24.0,20.0,1,10
4496,993,29.0,,13,9
4497,993,,,1,10
4498,994,50.0,,32,10
4499,994,48.0,18.0,18,7
4500,994,46.0,,30,9
4501,995,48.0,19.0,18,8
4502,995,48.0,20.0,16,8
4503,995,2.0,,1,10
4504,995,24.0,20.0,1,10
4505,996,18.0,,30,8
4506,996,48.0,20.0,18,9
4507,996,,21.0,26,10
4508,996,,,1,10
4509,996,12.0,20.0,2,10
4510,997,43.0,20.0,1,9
4511,997,,19.0,15,8
4512,997,48.0,18.0,18,7
4513,997,16.0,,1,9
4514,997,15.0,,12,8
4515,997,,,1,8
4516,998,,,12,10
4517,998,39.0,,27,8
4518,998,43.0,18.0,15,8
4519,999,,19.0,18,9
4520,999,46.0,,16,10
4521,999,,19.0,1,7
4522,999,47.0,,1,8
4523,1000,3.0,,1,10
4524,1000,29.0,,26,9
4525,1000,1.0,22.0,13,10
4526,1000,48.0,19.0,16,7
